{"payload":{"installed_packages":["attrs==23.2.0","certifi==2024.2.2","charset-normalizer==3.3.2","colorama==0.4.6","comet-ml==3.37.1","configobj==5.0.8","contourpy==1.2.0","cycler==0.12.1","dulwich==0.21.7","everett==3.1.0","filelock==3.13.1","fonttools==4.48.1","fsspec==2024.2.0","gitdb==4.0.11","gitpython==3.1.41","idna==3.6","jinja2==3.1.3","jsonschema-specifications==2023.12.1","jsonschema==4.21.1","keyboard==0.13.5","kiwisolver==1.4.5","labelimg==1.8.6","lxml==5.1.0","markdown-it-py==3.0.0","markupsafe==2.1.5","matplotlib==3.8.2","mdurl==0.1.2","mouseinfo==0.1.3","mpmath==1.3.0","networkx==3.2.1","numpy==1.26.4","opencv-python==4.9.0.80","packaging==23.2","pandas==2.2.0","pillow==10.2.0","pip==24.0","psutil==5.9.8","py-cpuinfo==9.0.0","pyautogui==0.9.54","pygetwindow==0.0.9","pygments==2.17.2","pymsgbox==1.0.9","pyparsing==3.1.1","pyperclip==1.8.2","pyqt5-qt5==5.15.2","pyqt5-sip==12.13.0","pyqt5==5.15.10","pyrect==0.2.0","pyscreeze==0.1.30","python-box==6.1.0","python-dateutil==2.8.2","pytweening==1.0.7","pytz==2024.1","pywin32==306","pyyaml==6.0.1","referencing==0.33.0","requests-toolbelt==1.0.0","requests==2.31.0","rich==13.7.0","rpds-py==0.17.1","scipy==1.12.0","seaborn==0.13.2","semantic-version==2.10.0","sentry-sdk==1.40.4","setuptools==69.1.0","simplejson==3.19.2","six==1.16.0","smmap==5.0.1","sympy==1.12","thop==0.1.1.post2209072238","torch==2.2.0","torchvision==0.17.0","tqdm==4.66.2","typing-extensions==4.9.0","tzdata==2024.1","ultralytics==8.1.11","urllib3==2.2.0","websocket-client==1.3.3","wrapt==1.16.0","wurlitzer==3.0.3"],"local_timestamp":1707830636808,"message_id":1},"type":"ws_msg"}
{"payload":{"env_details":{"command":["train.py","--img","640","--batch","16","--epochs","50","--data","train.yaml","--cfg","yolov5s.yaml","--name","AiAim"],"env":null,"hostname":"DESKTOP-432KV0K","ip":"192.168.1.109","machine":"AMD64","os":"Windows-10-10.0.19045-SP0","os_release":"10","os_type":"Windows","pid":22608,"processor":"Intel64 Family 6 Model 63 Stepping 2, GenuineIntel","python_exe":"C:\\Users\\Elkku\\AppData\\Local\\Microsoft\\WindowsApps\\PythonSoftwareFoundation.Python.3.12_qbz5n2kfra8p0\\python.exe","python_version":"3.12.2","python_version_verbose":"3.12.2 (tags/v3.12.2:6abddd9, Feb  6 2024, 21:26:36) [MSC v.1937 64 bit (AMD64)]","user":"Elkku"},"local_timestamp":1707830636911,"message_id":2},"type":"ws_msg"}
{"payload":{"gpu_static_info":[{"gpu_index":0,"name":"NVIDIA GeForce GTX 1070","power_limit":151000,"total_memory":8589934592,"uuid":"GPU-ee7a5cc5-db54-d839-85ad-a24cdc60768d"}],"local_timestamp":1707830636980,"message_id":3},"type":"ws_msg"}
{"payload":{"local_timestamp":1707830636980,"message_id":4,"metric":{"epoch":null,"metricName":"sys.gpu.0.total_memory","metricValue":8589934592,"step":null}},"type":"metric_msg"}
{"payload":{"local_timestamp":1707830636982,"message_id":5,"param":{"paramName":"img","paramValue":640,"source":"cli","step":null}},"type":"parameter_msg"}
{"payload":{"local_timestamp":1707830636982,"message_id":6,"param":{"paramName":"batch","paramValue":16,"source":"cli","step":null}},"type":"parameter_msg"}
{"payload":{"local_timestamp":1707830636982,"message_id":7,"param":{"paramName":"epochs","paramValue":50,"source":"cli","step":null}},"type":"parameter_msg"}
{"payload":{"local_timestamp":1707830636982,"message_id":8,"param":{"paramName":"data","paramValue":"train.yaml","source":"cli","step":null}},"type":"parameter_msg"}
{"payload":{"local_timestamp":1707830636982,"message_id":9,"param":{"paramName":"cfg","paramValue":"yolov5s.yaml","source":"cli","step":null}},"type":"parameter_msg"}
{"payload":{"local_timestamp":1707830636982,"message_id":10,"param":{"paramName":"name","paramValue":"AiAim","source":"cli","step":null}},"type":"parameter_msg"}
{"payload":{"local_timestamp":1707830636983,"log_other":{"key":"offline_experiment","val":true},"message_id":11},"type":"ws_msg"}
{"payload":{"local_timestamp":1707830636983,"log_other":{"key":"Name","val":"AiAim"},"message_id":12},"type":"ws_msg"}
{"payload":{"additional_params":{"assetId":"bb94c86674d54b4aadc554a9ef2cf13d","context":null,"extension":"yaml","fileName":"train.yaml","overwrite":false,"runId":null,"step":null},"clean":true,"file_path":"tmp3wue0kip","local_timestamp":1707830636987,"message_id":13,"metadata":{"type":"data-config-file"},"upload_type":"asset"},"type":"file_upload"}
{"payload":{"local_timestamp":1707830636991,"message_id":14,"metric":{"epoch":null,"metricName":"sys.gpu.0.gpu_utilization","metricValue":6,"step":null}},"type":"metric_msg"}
{"payload":{"local_timestamp":1707830636991,"message_id":15,"metric":{"epoch":null,"metricName":"sys.gpu.0.power_usage","metricValue":13694,"step":null}},"type":"metric_msg"}
{"payload":{"local_timestamp":1707830636991,"message_id":16,"metric":{"epoch":null,"metricName":"sys.gpu.0.temperature","metricValue":27,"step":null}},"type":"metric_msg"}
{"payload":{"local_timestamp":1707830636991,"message_id":17,"metric":{"epoch":null,"metricName":"sys.gpu.0.memory_utilization","metricValue":7,"step":null}},"type":"metric_msg"}
{"payload":{"local_timestamp":1707830636992,"message_id":18,"metric":{"epoch":null,"metricName":"sys.gpu.0.free_memory","metricValue":7725441024,"step":null}},"type":"metric_msg"}
{"payload":{"local_timestamp":1707830636992,"message_id":19,"metric":{"epoch":null,"metricName":"sys.gpu.0.used_memory","metricValue":864493568,"step":null}},"type":"metric_msg"}
{"payload":{"local_timestamp":1707830636992,"message_id":20,"metric":{"epoch":null,"metricName":"sys.gpu.0.percent.used_memory","metricValue":10.064029693603516,"step":null}},"type":"metric_msg"}
{"payload":{"local_timestamp":1707830636995,"log_other":{"key":"Created from","val":"YOLOv5"},"message_id":21},"type":"ws_msg"}
{"payload":{"local_timestamp":1707830636995,"log_other":{"key":"hasNestedParams","val":true},"message_id":22},"type":"ws_msg"}
{"payload":{"local_timestamp":1707830636995,"message_id":23,"param":{"paramName":"artifact_alias","paramValue":"latest","source":"manual","step":null}},"type":"parameter_msg"}
{"payload":{"local_timestamp":1707830636996,"message_id":24,"param":{"paramName":"batch_size","paramValue":16,"source":"manual","step":null}},"type":"parameter_msg"}
{"payload":{"local_timestamp":1707830636996,"message_id":25,"param":{"paramName":"bbox_interval","paramValue":-1,"source":"manual","step":null}},"type":"parameter_msg"}
{"payload":{"local_timestamp":1707830636996,"message_id":26,"param":{"paramName":"bucket","paramValue":"","source":"manual","step":null}},"type":"parameter_msg"}
{"payload":{"local_timestamp":1707830636996,"message_id":27,"param":{"paramName":"cache","paramValue":null,"source":"manual","step":null}},"type":"parameter_msg"}
{"payload":{"local_timestamp":1707830636996,"message_id":28,"param":{"paramName":"cos_lr","paramValue":false,"source":"manual","step":null}},"type":"parameter_msg"}
{"payload":{"local_timestamp":1707830636996,"message_id":29,"param":{"paramName":"device","paramValue":"","source":"manual","step":null}},"type":"parameter_msg"}
{"payload":{"local_timestamp":1707830636996,"message_id":30,"param":{"paramName":"entity","paramValue":null,"source":"manual","step":null}},"type":"parameter_msg"}
{"payload":{"local_timestamp":1707830636996,"message_id":31,"param":{"paramName":"evolve","paramValue":null,"source":"manual","step":null}},"type":"parameter_msg"}
{"payload":{"local_timestamp":1707830636996,"message_id":32,"param":{"paramName":"evolve_population","paramValue":"data\\hyps","source":"manual","step":null}},"type":"parameter_msg"}
{"payload":{"local_timestamp":1707830636996,"message_id":33,"param":{"paramName":"exist_ok","paramValue":false,"source":"manual","step":null}},"type":"parameter_msg"}
{"payload":{"local_timestamp":1707830636996,"message_id":34,"params":{"paramName":"freeze","paramValue":[0],"source":"manual","step":null}},"type":"parameter_msg"}
{"payload":{"local_timestamp":1707830636996,"message_id":35,"param":{"paramName":"hyp|anchor_t","paramValue":4.0,"source":"manual","step":null}},"type":"parameter_msg"}
{"payload":{"local_timestamp":1707830636996,"message_id":36,"param":{"paramName":"hyp|box","paramValue":0.05,"source":"manual","step":null}},"type":"parameter_msg"}
{"payload":{"local_timestamp":1707830636996,"message_id":37,"param":{"paramName":"hyp|cls","paramValue":0.5,"source":"manual","step":null}},"type":"parameter_msg"}
{"payload":{"local_timestamp":1707830636996,"message_id":38,"param":{"paramName":"hyp|cls_pw","paramValue":1.0,"source":"manual","step":null}},"type":"parameter_msg"}
{"payload":{"local_timestamp":1707830636996,"message_id":39,"param":{"paramName":"hyp|copy_paste","paramValue":0.0,"source":"manual","step":null}},"type":"parameter_msg"}
{"payload":{"local_timestamp":1707830636996,"message_id":40,"param":{"paramName":"hyp|degrees","paramValue":0.0,"source":"manual","step":null}},"type":"parameter_msg"}
{"payload":{"local_timestamp":1707830636996,"message_id":41,"param":{"paramName":"hyp|fl_gamma","paramValue":0.0,"source":"manual","step":null}},"type":"parameter_msg"}
{"payload":{"local_timestamp":1707830636996,"message_id":42,"param":{"paramName":"hyp|fliplr","paramValue":0.5,"source":"manual","step":null}},"type":"parameter_msg"}
{"payload":{"local_timestamp":1707830636996,"message_id":43,"param":{"paramName":"hyp|flipud","paramValue":0.0,"source":"manual","step":null}},"type":"parameter_msg"}
{"payload":{"local_timestamp":1707830636996,"message_id":44,"param":{"paramName":"hyp|hsv_h","paramValue":0.015,"source":"manual","step":null}},"type":"parameter_msg"}
{"payload":{"local_timestamp":1707830636996,"message_id":45,"param":{"paramName":"hyp|hsv_s","paramValue":0.7,"source":"manual","step":null}},"type":"parameter_msg"}
{"payload":{"local_timestamp":1707830636996,"message_id":46,"param":{"paramName":"hyp|hsv_v","paramValue":0.4,"source":"manual","step":null}},"type":"parameter_msg"}
{"payload":{"local_timestamp":1707830636996,"message_id":47,"param":{"paramName":"hyp|iou_t","paramValue":0.2,"source":"manual","step":null}},"type":"parameter_msg"}
{"payload":{"local_timestamp":1707830636996,"message_id":48,"param":{"paramName":"hyp|lr0","paramValue":0.01,"source":"manual","step":null}},"type":"parameter_msg"}
{"payload":{"local_timestamp":1707830636997,"message_id":49,"param":{"paramName":"hyp|lrf","paramValue":0.01,"source":"manual","step":null}},"type":"parameter_msg"}
{"payload":{"local_timestamp":1707830636997,"message_id":50,"param":{"paramName":"hyp|mixup","paramValue":0.0,"source":"manual","step":null}},"type":"parameter_msg"}
{"payload":{"local_timestamp":1707830636997,"message_id":51,"param":{"paramName":"hyp|momentum","paramValue":0.937,"source":"manual","step":null}},"type":"parameter_msg"}
{"payload":{"local_timestamp":1707830636997,"message_id":52,"param":{"paramName":"hyp|mosaic","paramValue":1.0,"source":"manual","step":null}},"type":"parameter_msg"}
{"payload":{"local_timestamp":1707830636997,"message_id":53,"param":{"paramName":"hyp|obj","paramValue":1.0,"source":"manual","step":null}},"type":"parameter_msg"}
{"payload":{"local_timestamp":1707830636997,"message_id":54,"param":{"paramName":"hyp|obj_pw","paramValue":1.0,"source":"manual","step":null}},"type":"parameter_msg"}
{"payload":{"local_timestamp":1707830636997,"message_id":55,"param":{"paramName":"hyp|perspective","paramValue":0.0,"source":"manual","step":null}},"type":"parameter_msg"}
{"payload":{"local_timestamp":1707830636997,"message_id":56,"param":{"paramName":"hyp|scale","paramValue":0.5,"source":"manual","step":null}},"type":"parameter_msg"}
{"payload":{"local_timestamp":1707830636997,"message_id":57,"param":{"paramName":"hyp|shear","paramValue":0.0,"source":"manual","step":null}},"type":"parameter_msg"}
{"payload":{"local_timestamp":1707830636997,"message_id":58,"param":{"paramName":"hyp|translate","paramValue":0.1,"source":"manual","step":null}},"type":"parameter_msg"}
{"payload":{"local_timestamp":1707830636997,"message_id":59,"param":{"paramName":"hyp|warmup_bias_lr","paramValue":0.1,"source":"manual","step":null}},"type":"parameter_msg"}
{"payload":{"local_timestamp":1707830636997,"message_id":60,"param":{"paramName":"hyp|warmup_epochs","paramValue":3.0,"source":"manual","step":null}},"type":"parameter_msg"}
{"payload":{"local_timestamp":1707830636997,"message_id":61,"param":{"paramName":"hyp|warmup_momentum","paramValue":0.8,"source":"manual","step":null}},"type":"parameter_msg"}
{"payload":{"local_timestamp":1707830636997,"message_id":62,"param":{"paramName":"hyp|weight_decay","paramValue":0.0005,"source":"manual","step":null}},"type":"parameter_msg"}
{"payload":{"local_timestamp":1707830636997,"message_id":63,"param":{"paramName":"image_weights","paramValue":false,"source":"manual","step":null}},"type":"parameter_msg"}
{"payload":{"local_timestamp":1707830636997,"message_id":64,"param":{"paramName":"imgsz","paramValue":640,"source":"manual","step":null}},"type":"parameter_msg"}
{"payload":{"local_timestamp":1707830636997,"message_id":65,"param":{"paramName":"label_smoothing","paramValue":0.0,"source":"manual","step":null}},"type":"parameter_msg"}
{"payload":{"local_timestamp":1707830636997,"message_id":66,"param":{"paramName":"local_rank","paramValue":-1,"source":"manual","step":null}},"type":"parameter_msg"}
{"payload":{"local_timestamp":1707830636997,"message_id":67,"param":{"paramName":"multi_scale","paramValue":false,"source":"manual","step":null}},"type":"parameter_msg"}
{"payload":{"local_timestamp":1707830636997,"message_id":68,"param":{"paramName":"ndjson_console","paramValue":false,"source":"manual","step":null}},"type":"parameter_msg"}
{"payload":{"local_timestamp":1707830636997,"message_id":69,"param":{"paramName":"ndjson_file","paramValue":false,"source":"manual","step":null}},"type":"parameter_msg"}
{"payload":{"local_timestamp":1707830636997,"message_id":70,"param":{"paramName":"noautoanchor","paramValue":false,"source":"manual","step":null}},"type":"parameter_msg"}
{"payload":{"local_timestamp":1707830636997,"message_id":71,"param":{"paramName":"noplots","paramValue":false,"source":"manual","step":null}},"type":"parameter_msg"}
{"payload":{"local_timestamp":1707830636997,"message_id":72,"param":{"paramName":"nosave","paramValue":false,"source":"manual","step":null}},"type":"parameter_msg"}
{"payload":{"local_timestamp":1707830636997,"message_id":73,"param":{"paramName":"noval","paramValue":false,"source":"manual","step":null}},"type":"parameter_msg"}
{"payload":{"local_timestamp":1707830636997,"message_id":74,"param":{"paramName":"optimizer","paramValue":"SGD","source":"manual","step":null}},"type":"parameter_msg"}
{"payload":{"local_timestamp":1707830636997,"message_id":75,"param":{"paramName":"patience","paramValue":100,"source":"manual","step":null}},"type":"parameter_msg"}
{"payload":{"local_timestamp":1707830636997,"message_id":76,"param":{"paramName":"project","paramValue":"runs\\train","source":"manual","step":null}},"type":"parameter_msg"}
{"payload":{"local_timestamp":1707830636997,"message_id":77,"param":{"paramName":"quad","paramValue":false,"source":"manual","step":null}},"type":"parameter_msg"}
{"payload":{"local_timestamp":1707830636997,"message_id":78,"param":{"paramName":"rect","paramValue":false,"source":"manual","step":null}},"type":"parameter_msg"}
{"payload":{"local_timestamp":1707830636997,"message_id":79,"param":{"paramName":"resume","paramValue":false,"source":"manual","step":null}},"type":"parameter_msg"}
{"payload":{"local_timestamp":1707830636997,"message_id":80,"param":{"paramName":"resume_evolve","paramValue":null,"source":"manual","step":null}},"type":"parameter_msg"}
{"payload":{"local_timestamp":1707830636997,"message_id":81,"param":{"paramName":"save_dir","paramValue":"runs\\train\\AiAim3","source":"manual","step":null}},"type":"parameter_msg"}
{"payload":{"local_timestamp":1707830636997,"message_id":82,"param":{"paramName":"save_period","paramValue":-1,"source":"manual","step":null}},"type":"parameter_msg"}
{"payload":{"local_timestamp":1707830636997,"message_id":83,"param":{"paramName":"seed","paramValue":0,"source":"manual","step":null}},"type":"parameter_msg"}
{"payload":{"local_timestamp":1707830636997,"message_id":84,"param":{"paramName":"single_cls","paramValue":false,"source":"manual","step":null}},"type":"parameter_msg"}
{"payload":{"local_timestamp":1707830636997,"message_id":85,"param":{"paramName":"sync_bn","paramValue":false,"source":"manual","step":null}},"type":"parameter_msg"}
{"payload":{"local_timestamp":1707830636997,"message_id":86,"param":{"paramName":"upload_dataset","paramValue":false,"source":"manual","step":null}},"type":"parameter_msg"}
{"payload":{"local_timestamp":1707830636997,"message_id":87,"param":{"paramName":"weights","paramValue":"yolov5s.pt","source":"manual","step":null}},"type":"parameter_msg"}
{"payload":{"local_timestamp":1707830636997,"message_id":88,"param":{"paramName":"workers","paramValue":8,"source":"manual","step":null}},"type":"parameter_msg"}
{"payload":{"local_timestamp":1707830636998,"message_id":89,"param":{"paramName":"anchor_t","paramValue":4.0,"source":"manual","step":null}},"type":"parameter_msg"}
{"payload":{"local_timestamp":1707830636998,"message_id":90,"param":{"paramName":"box","paramValue":0.05,"source":"manual","step":null}},"type":"parameter_msg"}
{"payload":{"local_timestamp":1707830636998,"message_id":91,"param":{"paramName":"cls","paramValue":0.5,"source":"manual","step":null}},"type":"parameter_msg"}
{"payload":{"local_timestamp":1707830636998,"message_id":92,"param":{"paramName":"cls_pw","paramValue":1.0,"source":"manual","step":null}},"type":"parameter_msg"}
{"payload":{"local_timestamp":1707830636998,"message_id":93,"param":{"paramName":"copy_paste","paramValue":0.0,"source":"manual","step":null}},"type":"parameter_msg"}
{"payload":{"local_timestamp":1707830636998,"message_id":94,"param":{"paramName":"degrees","paramValue":0.0,"source":"manual","step":null}},"type":"parameter_msg"}
{"payload":{"local_timestamp":1707830636998,"message_id":95,"param":{"paramName":"fl_gamma","paramValue":0.0,"source":"manual","step":null}},"type":"parameter_msg"}
{"payload":{"local_timestamp":1707830636998,"message_id":96,"param":{"paramName":"fliplr","paramValue":0.5,"source":"manual","step":null}},"type":"parameter_msg"}
{"payload":{"local_timestamp":1707830636998,"message_id":97,"param":{"paramName":"flipud","paramValue":0.0,"source":"manual","step":null}},"type":"parameter_msg"}
{"payload":{"local_timestamp":1707830636998,"message_id":98,"param":{"paramName":"hsv_h","paramValue":0.015,"source":"manual","step":null}},"type":"parameter_msg"}
{"payload":{"local_timestamp":1707830636998,"message_id":99,"param":{"paramName":"hsv_s","paramValue":0.7,"source":"manual","step":null}},"type":"parameter_msg"}
{"payload":{"local_timestamp":1707830636998,"message_id":100,"param":{"paramName":"hsv_v","paramValue":0.4,"source":"manual","step":null}},"type":"parameter_msg"}
{"payload":{"local_timestamp":1707830636998,"message_id":101,"param":{"paramName":"iou_t","paramValue":0.2,"source":"manual","step":null}},"type":"parameter_msg"}
{"payload":{"local_timestamp":1707830636998,"message_id":102,"param":{"paramName":"lr0","paramValue":0.01,"source":"manual","step":null}},"type":"parameter_msg"}
{"payload":{"local_timestamp":1707830636998,"message_id":103,"param":{"paramName":"lrf","paramValue":0.01,"source":"manual","step":null}},"type":"parameter_msg"}
{"payload":{"local_timestamp":1707830636998,"message_id":104,"param":{"paramName":"mixup","paramValue":0.0,"source":"manual","step":null}},"type":"parameter_msg"}
{"payload":{"local_timestamp":1707830636998,"message_id":105,"param":{"paramName":"momentum","paramValue":0.937,"source":"manual","step":null}},"type":"parameter_msg"}
{"payload":{"local_timestamp":1707830636998,"message_id":106,"param":{"paramName":"mosaic","paramValue":1.0,"source":"manual","step":null}},"type":"parameter_msg"}
{"payload":{"local_timestamp":1707830636998,"message_id":107,"param":{"paramName":"obj","paramValue":1.0,"source":"manual","step":null}},"type":"parameter_msg"}
{"payload":{"local_timestamp":1707830636998,"message_id":108,"param":{"paramName":"obj_pw","paramValue":1.0,"source":"manual","step":null}},"type":"parameter_msg"}
{"payload":{"local_timestamp":1707830636998,"message_id":109,"param":{"paramName":"perspective","paramValue":0.0,"source":"manual","step":null}},"type":"parameter_msg"}
{"payload":{"local_timestamp":1707830636998,"message_id":110,"param":{"paramName":"scale","paramValue":0.5,"source":"manual","step":null}},"type":"parameter_msg"}
{"payload":{"local_timestamp":1707830636998,"message_id":111,"param":{"paramName":"shear","paramValue":0.0,"source":"manual","step":null}},"type":"parameter_msg"}
{"payload":{"local_timestamp":1707830636998,"message_id":112,"param":{"paramName":"translate","paramValue":0.1,"source":"manual","step":null}},"type":"parameter_msg"}
{"payload":{"local_timestamp":1707830636998,"message_id":113,"param":{"paramName":"warmup_bias_lr","paramValue":0.1,"source":"manual","step":null}},"type":"parameter_msg"}
{"payload":{"local_timestamp":1707830636998,"message_id":114,"param":{"paramName":"warmup_epochs","paramValue":3.0,"source":"manual","step":null}},"type":"parameter_msg"}
{"payload":{"local_timestamp":1707830636998,"message_id":115,"param":{"paramName":"warmup_momentum","paramValue":0.8,"source":"manual","step":null}},"type":"parameter_msg"}
{"payload":{"local_timestamp":1707830636998,"message_id":116,"param":{"paramName":"weight_decay","paramValue":0.0005,"source":"manual","step":null}},"type":"parameter_msg"}
{"payload":{"additional_params":{"assetId":"c4088e4c04aa4d728e2b34856d510dd6","context":null,"epoch":null,"extension":"json","fileName":"hyperparameters.json","overwrite":false,"runId":null,"step":null},"clean":true,"file_path":"tmpsikdan4a","local_timestamp":1707830637007,"message_id":117,"metadata":{"type":"hyp-config-file"},"upload_type":"asset"},"type":"file_upload"}
{"payload":{"additional_params":{"assetId":"c485b797d2d44827967451472bb21487","context":null,"extension":"yaml","fileName":"opt.yaml","overwrite":false,"runId":null,"step":null},"clean":true,"file_path":"tmp9ygkr98b","local_timestamp":1707830637017,"message_id":118,"metadata":{"type":"opt-config-file"},"upload_type":"asset"},"type":"file_upload"}
{"payload":{"local_timestamp":1707830637017,"message_id":119,"param":{"paramName":"val_conf_threshold","paramValue":0.001,"source":"manual","step":null}},"type":"parameter_msg"}
{"payload":{"local_timestamp":1707830637017,"message_id":120,"param":{"paramName":"val_iou_threshold","paramValue":0.6,"source":"manual","step":null}},"type":"parameter_msg"}
{"payload":{"local_timestamp":1707830637017,"log_other":{"key":"comet_mode","val":"online"},"message_id":121},"type":"ws_msg"}
{"payload":{"local_timestamp":1707830637017,"log_other":{"key":"comet_max_image_uploads","val":100},"message_id":122},"type":"ws_msg"}
{"payload":{"local_timestamp":1707830637017,"log_other":{"key":"comet_log_per_class_metrics","val":false},"message_id":123},"type":"ws_msg"}
{"payload":{"local_timestamp":1707830637017,"log_other":{"key":"comet_log_batch_metrics","val":false},"message_id":124},"type":"ws_msg"}
{"payload":{"local_timestamp":1707830637017,"log_other":{"key":"comet_log_confusion_matrix","val":true},"message_id":125},"type":"ws_msg"}
{"payload":{"local_timestamp":1707830637017,"log_other":{"key":"comet_model_name","val":"yolov5"},"message_id":126},"type":"ws_msg"}
{"payload":{"local_timestamp":1707830637493,"message_id":127,"metric":{"epoch":null,"metricName":"sys.cpu.percent.avg","metricValue":0.0,"step":null}},"type":"metric_msg"}
{"payload":{"local_timestamp":1707830637494,"message_id":128,"metric":{"epoch":null,"metricName":"sys.ram.total","metricValue":12763373568,"step":null}},"type":"metric_msg"}
{"payload":{"local_timestamp":1707830637494,"message_id":129,"metric":{"epoch":null,"metricName":"sys.ram.used","metricValue":7055425536,"step":null}},"type":"metric_msg"}
{"payload":{"local_timestamp":1707830637494,"message_id":130,"metric":{"epoch":null,"metricName":"sys.ram.available","metricValue":5707948032,"step":null}},"type":"metric_msg"}
{"payload":{"local_timestamp":1707830637494,"message_id":131,"metric":{"epoch":null,"metricName":"sys.ram.percent.used","metricValue":55.3,"step":null}},"type":"metric_msg"}
{"payload":{"local_timestamp":1707830637494,"message_id":132,"metric":{"epoch":null,"metricName":"sys.load.avg","metricValue":0.0,"step":null}},"type":"metric_msg"}
{"payload":{"local_timestamp":1707830637510,"message_id":133,"stderr":true,"stdout":"Traceback (most recent call last):\n"},"type":"ws_msg"}
{"payload":{"local_timestamp":1707830637511,"message_id":134,"stderr":true,"stdout":"  File \"C:\\Users\\Elkku\\Documents\\yolov5\\train.py\", line 836, in <module>\n"},"type":"ws_msg"}
{"payload":{"local_timestamp":1707830637512,"message_id":135,"stderr":true,"stdout":"    "},"type":"ws_msg"}
{"payload":{"local_timestamp":1707830637512,"message_id":136,"stderr":true,"stdout":"main(opt)"},"type":"ws_msg"}
{"payload":{"local_timestamp":1707830637512,"message_id":137,"stderr":true,"stdout":"\n"},"type":"ws_msg"}
{"payload":{"local_timestamp":1707830637513,"message_id":138,"stderr":true,"stdout":"  File \"C:\\Users\\Elkku\\Documents\\yolov5\\train.py\", line 616, in main\n"},"type":"ws_msg"}
{"payload":{"local_timestamp":1707830637513,"message_id":139,"stderr":true,"stdout":"    "},"type":"ws_msg"}
{"payload":{"local_timestamp":1707830637514,"message_id":140,"stderr":true,"stdout":"train(opt.hyp, opt, device, callbacks)"},"type":"ws_msg"}
{"payload":{"local_timestamp":1707830637514,"message_id":141,"stderr":true,"stdout":"\n"},"type":"ws_msg"}
{"payload":{"local_timestamp":1707830637514,"message_id":142,"stderr":true,"stdout":"  File \"C:\\Users\\Elkku\\Documents\\yolov5\\train.py\", line 183, in train\n"},"type":"ws_msg"}
{"payload":{"local_timestamp":1707830637514,"message_id":143,"stderr":true,"stdout":"    "},"type":"ws_msg"}
{"payload":{"local_timestamp":1707830637514,"message_id":144,"stderr":true,"stdout":"model = Model(cfg or ckpt[\"model\"].yaml, ch=3, nc=nc, anchors=hyp.get(\"anchors\")).to(device)  # create"},"type":"ws_msg"}
{"payload":{"local_timestamp":1707830637515,"message_id":145,"stderr":true,"stdout":"\n"},"type":"ws_msg"}
{"payload":{"local_timestamp":1707830637515,"message_id":146,"stderr":true,"stdout":" "},"type":"ws_msg"}
{"payload":{"local_timestamp":1707830637515,"message_id":147,"stderr":true,"stdout":" "},"type":"ws_msg"}
{"payload":{"local_timestamp":1707830637515,"message_id":148,"stderr":true,"stdout":" "},"type":"ws_msg"}
{"payload":{"local_timestamp":1707830637515,"message_id":149,"stderr":true,"stdout":" "},"type":"ws_msg"}
{"payload":{"local_timestamp":1707830637515,"message_id":150,"stderr":true,"stdout":" "},"type":"ws_msg"}
{"payload":{"local_timestamp":1707830637515,"message_id":151,"stderr":true,"stdout":" "},"type":"ws_msg"}
{"payload":{"local_timestamp":1707830637515,"message_id":152,"stderr":true,"stdout":" "},"type":"ws_msg"}
{"payload":{"local_timestamp":1707830637515,"message_id":153,"stderr":true,"stdout":" "},"type":"ws_msg"}
{"payload":{"local_timestamp":1707830637515,"message_id":154,"stderr":true,"stdout":" "},"type":"ws_msg"}
{"payload":{"local_timestamp":1707830637515,"message_id":155,"stderr":true,"stdout":" "},"type":"ws_msg"}
{"payload":{"local_timestamp":1707830637515,"message_id":156,"stderr":true,"stdout":" "},"type":"ws_msg"}
{"payload":{"local_timestamp":1707830637515,"message_id":157,"stderr":true,"stdout":" "},"type":"ws_msg"}
{"payload":{"local_timestamp":1707830637515,"message_id":158,"stderr":true,"stdout":"^"},"type":"ws_msg"}
{"payload":{"local_timestamp":1707830637515,"message_id":159,"stderr":true,"stdout":"^"},"type":"ws_msg"}
{"payload":{"local_timestamp":1707830637515,"message_id":160,"stderr":true,"stdout":"^"},"type":"ws_msg"}
{"payload":{"local_timestamp":1707830637515,"message_id":161,"stderr":true,"stdout":"^"},"type":"ws_msg"}
{"payload":{"local_timestamp":1707830637515,"message_id":162,"stderr":true,"stdout":"^"},"type":"ws_msg"}
{"payload":{"local_timestamp":1707830637515,"message_id":163,"stderr":true,"stdout":"^"},"type":"ws_msg"}
{"payload":{"local_timestamp":1707830637515,"message_id":164,"stderr":true,"stdout":"^"},"type":"ws_msg"}
{"payload":{"local_timestamp":1707830637515,"message_id":165,"stderr":true,"stdout":"^"},"type":"ws_msg"}
{"payload":{"local_timestamp":1707830637515,"message_id":166,"stderr":true,"stdout":"^"},"type":"ws_msg"}
{"payload":{"local_timestamp":1707830637515,"message_id":167,"stderr":true,"stdout":"^"},"type":"ws_msg"}
{"payload":{"local_timestamp":1707830637515,"message_id":168,"stderr":true,"stdout":"^"},"type":"ws_msg"}
{"payload":{"local_timestamp":1707830637515,"message_id":169,"stderr":true,"stdout":"^"},"type":"ws_msg"}
{"payload":{"local_timestamp":1707830637515,"message_id":170,"stderr":true,"stdout":"^"},"type":"ws_msg"}
{"payload":{"local_timestamp":1707830637515,"message_id":171,"stderr":true,"stdout":"^"},"type":"ws_msg"}
{"payload":{"local_timestamp":1707830637515,"message_id":172,"stderr":true,"stdout":"^"},"type":"ws_msg"}
{"payload":{"local_timestamp":1707830637515,"message_id":173,"stderr":true,"stdout":"^"},"type":"ws_msg"}
{"payload":{"local_timestamp":1707830637515,"message_id":174,"stderr":true,"stdout":"^"},"type":"ws_msg"}
{"payload":{"local_timestamp":1707830637515,"message_id":175,"stderr":true,"stdout":"^"},"type":"ws_msg"}
{"payload":{"local_timestamp":1707830637515,"message_id":176,"stderr":true,"stdout":"^"},"type":"ws_msg"}
{"payload":{"local_timestamp":1707830637515,"message_id":177,"stderr":true,"stdout":"^"},"type":"ws_msg"}
{"payload":{"local_timestamp":1707830637515,"message_id":178,"stderr":true,"stdout":"^"},"type":"ws_msg"}
{"payload":{"local_timestamp":1707830637515,"message_id":179,"stderr":true,"stdout":"^"},"type":"ws_msg"}
{"payload":{"local_timestamp":1707830637515,"message_id":180,"stderr":true,"stdout":"^"},"type":"ws_msg"}
{"payload":{"local_timestamp":1707830637515,"message_id":181,"stderr":true,"stdout":"^"},"type":"ws_msg"}
{"payload":{"local_timestamp":1707830637515,"message_id":182,"stderr":true,"stdout":"^"},"type":"ws_msg"}
{"payload":{"local_timestamp":1707830637515,"message_id":183,"stderr":true,"stdout":"^"},"type":"ws_msg"}
{"payload":{"local_timestamp":1707830637515,"message_id":184,"stderr":true,"stdout":"^"},"type":"ws_msg"}
{"payload":{"local_timestamp":1707830637515,"message_id":185,"stderr":true,"stdout":"^"},"type":"ws_msg"}
{"payload":{"local_timestamp":1707830637516,"message_id":186,"stderr":true,"stdout":"^"},"type":"ws_msg"}
{"payload":{"local_timestamp":1707830637516,"message_id":187,"stderr":true,"stdout":"^"},"type":"ws_msg"}
{"payload":{"local_timestamp":1707830637516,"message_id":188,"stderr":true,"stdout":"^"},"type":"ws_msg"}
{"payload":{"local_timestamp":1707830637516,"message_id":189,"stderr":true,"stdout":"^"},"type":"ws_msg"}
{"payload":{"local_timestamp":1707830637516,"message_id":190,"stderr":true,"stdout":"^"},"type":"ws_msg"}
{"payload":{"local_timestamp":1707830637516,"message_id":191,"stderr":true,"stdout":"^"},"type":"ws_msg"}
{"payload":{"local_timestamp":1707830637516,"message_id":192,"stderr":true,"stdout":"^"},"type":"ws_msg"}
{"payload":{"local_timestamp":1707830637516,"message_id":193,"stderr":true,"stdout":"^"},"type":"ws_msg"}
{"payload":{"local_timestamp":1707830637516,"message_id":194,"stderr":true,"stdout":"^"},"type":"ws_msg"}
{"payload":{"local_timestamp":1707830637516,"message_id":195,"stderr":true,"stdout":"^"},"type":"ws_msg"}
{"payload":{"local_timestamp":1707830637516,"message_id":196,"stderr":true,"stdout":"^"},"type":"ws_msg"}
{"payload":{"local_timestamp":1707830637516,"message_id":197,"stderr":true,"stdout":"^"},"type":"ws_msg"}
{"payload":{"local_timestamp":1707830637516,"message_id":198,"stderr":true,"stdout":"^"},"type":"ws_msg"}
{"payload":{"local_timestamp":1707830637516,"message_id":199,"stderr":true,"stdout":"^"},"type":"ws_msg"}
{"payload":{"local_timestamp":1707830637516,"message_id":200,"stderr":true,"stdout":"^"},"type":"ws_msg"}
{"payload":{"local_timestamp":1707830637516,"message_id":201,"stderr":true,"stdout":"^"},"type":"ws_msg"}
{"payload":{"local_timestamp":1707830637516,"message_id":202,"stderr":true,"stdout":"^"},"type":"ws_msg"}
{"payload":{"local_timestamp":1707830637516,"message_id":203,"stderr":true,"stdout":"^"},"type":"ws_msg"}
{"payload":{"local_timestamp":1707830637516,"message_id":204,"stderr":true,"stdout":"^"},"type":"ws_msg"}
{"payload":{"local_timestamp":1707830637516,"message_id":205,"stderr":true,"stdout":"^"},"type":"ws_msg"}
{"payload":{"local_timestamp":1707830637516,"message_id":206,"stderr":true,"stdout":"^"},"type":"ws_msg"}
{"payload":{"local_timestamp":1707830637516,"message_id":207,"stderr":true,"stdout":"^"},"type":"ws_msg"}
{"payload":{"local_timestamp":1707830637516,"message_id":208,"stderr":true,"stdout":"^"},"type":"ws_msg"}
{"payload":{"local_timestamp":1707830637516,"message_id":209,"stderr":true,"stdout":"^"},"type":"ws_msg"}
{"payload":{"local_timestamp":1707830637516,"message_id":210,"stderr":true,"stdout":"^"},"type":"ws_msg"}
{"payload":{"local_timestamp":1707830637516,"message_id":211,"stderr":true,"stdout":"^"},"type":"ws_msg"}
{"payload":{"local_timestamp":1707830637516,"message_id":212,"stderr":true,"stdout":"^"},"type":"ws_msg"}
{"payload":{"local_timestamp":1707830637516,"message_id":213,"stderr":true,"stdout":"^"},"type":"ws_msg"}
{"payload":{"local_timestamp":1707830637516,"message_id":214,"stderr":true,"stdout":"^"},"type":"ws_msg"}
{"payload":{"local_timestamp":1707830637516,"message_id":215,"stderr":true,"stdout":"^"},"type":"ws_msg"}
{"payload":{"local_timestamp":1707830637516,"message_id":216,"stderr":true,"stdout":"^"},"type":"ws_msg"}
{"payload":{"local_timestamp":1707830637516,"message_id":217,"stderr":true,"stdout":"^"},"type":"ws_msg"}
{"payload":{"local_timestamp":1707830637516,"message_id":218,"stderr":true,"stdout":"^"},"type":"ws_msg"}
{"payload":{"local_timestamp":1707830637516,"message_id":219,"stderr":true,"stdout":"^"},"type":"ws_msg"}
{"payload":{"local_timestamp":1707830637516,"message_id":220,"stderr":true,"stdout":"^"},"type":"ws_msg"}
{"payload":{"local_timestamp":1707830637516,"message_id":221,"stderr":true,"stdout":"^"},"type":"ws_msg"}
{"payload":{"local_timestamp":1707830637516,"message_id":222,"stderr":true,"stdout":"^"},"type":"ws_msg"}
{"payload":{"local_timestamp":1707830637516,"message_id":223,"stderr":true,"stdout":"^"},"type":"ws_msg"}
{"payload":{"local_timestamp":1707830637516,"message_id":224,"stderr":true,"stdout":"^"},"type":"ws_msg"}
{"payload":{"local_timestamp":1707830637516,"message_id":225,"stderr":true,"stdout":"^"},"type":"ws_msg"}
{"payload":{"local_timestamp":1707830637516,"message_id":226,"stderr":true,"stdout":"^"},"type":"ws_msg"}
{"payload":{"local_timestamp":1707830637516,"message_id":227,"stderr":true,"stdout":"^"},"type":"ws_msg"}
{"payload":{"local_timestamp":1707830637516,"message_id":228,"stderr":true,"stdout":"^"},"type":"ws_msg"}
{"payload":{"local_timestamp":1707830637516,"message_id":229,"stderr":true,"stdout":"^"},"type":"ws_msg"}
{"payload":{"local_timestamp":1707830637516,"message_id":230,"stderr":true,"stdout":"^"},"type":"ws_msg"}
{"payload":{"local_timestamp":1707830637517,"message_id":231,"stderr":true,"stdout":"\n"},"type":"ws_msg"}
{"payload":{"local_timestamp":1707830637517,"message_id":232,"stderr":true,"stdout":"  File \"C:\\Users\\Elkku\\Documents\\yolov5\\models\\yolo.py\", line 214, in __init__\n"},"type":"ws_msg"}
{"payload":{"local_timestamp":1707830637517,"message_id":233,"stderr":true,"stdout":"    "},"type":"ws_msg"}
{"payload":{"local_timestamp":1707830637517,"message_id":234,"stderr":true,"stdout":"if nc and nc != self.yaml[\"nc\"]:"},"type":"ws_msg"}
{"payload":{"local_timestamp":1707830637518,"message_id":235,"stderr":true,"stdout":"\n"},"type":"ws_msg"}
{"payload":{"local_timestamp":1707830637518,"message_id":236,"stderr":true,"stdout":" "},"type":"ws_msg"}
{"payload":{"local_timestamp":1707830637518,"message_id":237,"stderr":true,"stdout":" "},"type":"ws_msg"}
{"payload":{"local_timestamp":1707830637518,"message_id":238,"stderr":true,"stdout":" "},"type":"ws_msg"}
{"payload":{"local_timestamp":1707830637518,"message_id":239,"stderr":true,"stdout":" "},"type":"ws_msg"}
{"payload":{"local_timestamp":1707830637518,"message_id":240,"stderr":true,"stdout":" "},"type":"ws_msg"}
{"payload":{"local_timestamp":1707830637518,"message_id":241,"stderr":true,"stdout":" "},"type":"ws_msg"}
{"payload":{"local_timestamp":1707830637518,"message_id":242,"stderr":true,"stdout":" "},"type":"ws_msg"}
{"payload":{"local_timestamp":1707830637518,"message_id":243,"stderr":true,"stdout":" "},"type":"ws_msg"}
{"payload":{"local_timestamp":1707830637518,"message_id":244,"stderr":true,"stdout":" "},"type":"ws_msg"}
{"payload":{"local_timestamp":1707830637518,"message_id":245,"stderr":true,"stdout":" "},"type":"ws_msg"}
{"payload":{"local_timestamp":1707830637518,"message_id":246,"stderr":true,"stdout":" "},"type":"ws_msg"}
{"payload":{"local_timestamp":1707830637518,"message_id":247,"stderr":true,"stdout":" "},"type":"ws_msg"}
{"payload":{"local_timestamp":1707830637518,"message_id":248,"stderr":true,"stdout":" "},"type":"ws_msg"}
{"payload":{"local_timestamp":1707830637518,"message_id":249,"stderr":true,"stdout":" "},"type":"ws_msg"}
{"payload":{"local_timestamp":1707830637518,"message_id":250,"stderr":true,"stdout":" "},"type":"ws_msg"}
{"payload":{"local_timestamp":1707830637518,"message_id":251,"stderr":true,"stdout":" "},"type":"ws_msg"}
{"payload":{"local_timestamp":1707830637518,"message_id":252,"stderr":true,"stdout":" "},"type":"ws_msg"}
{"payload":{"local_timestamp":1707830637518,"message_id":253,"stderr":true,"stdout":" "},"type":"ws_msg"}
{"payload":{"local_timestamp":1707830637518,"message_id":254,"stderr":true,"stdout":" "},"type":"ws_msg"}
{"payload":{"local_timestamp":1707830637518,"message_id":255,"stderr":true,"stdout":" "},"type":"ws_msg"}
{"payload":{"local_timestamp":1707830637518,"message_id":256,"stderr":true,"stdout":"~"},"type":"ws_msg"}
{"payload":{"local_timestamp":1707830637518,"message_id":257,"stderr":true,"stdout":"~"},"type":"ws_msg"}
{"payload":{"local_timestamp":1707830637518,"message_id":258,"stderr":true,"stdout":"~"},"type":"ws_msg"}
{"payload":{"local_timestamp":1707830637518,"message_id":259,"stderr":true,"stdout":"~"},"type":"ws_msg"}
{"payload":{"local_timestamp":1707830637518,"message_id":260,"stderr":true,"stdout":"~"},"type":"ws_msg"}
{"payload":{"local_timestamp":1707830637518,"message_id":261,"stderr":true,"stdout":"~"},"type":"ws_msg"}
{"payload":{"local_timestamp":1707830637518,"message_id":262,"stderr":true,"stdout":"~"},"type":"ws_msg"}
{"payload":{"local_timestamp":1707830637518,"message_id":263,"stderr":true,"stdout":"~"},"type":"ws_msg"}
{"payload":{"local_timestamp":1707830637518,"message_id":264,"stderr":true,"stdout":"~"},"type":"ws_msg"}
{"payload":{"local_timestamp":1707830637518,"message_id":265,"stderr":true,"stdout":"^"},"type":"ws_msg"}
{"payload":{"local_timestamp":1707830637518,"message_id":266,"stderr":true,"stdout":"^"},"type":"ws_msg"}
{"payload":{"local_timestamp":1707830637518,"message_id":267,"stderr":true,"stdout":"^"},"type":"ws_msg"}
{"payload":{"local_timestamp":1707830637518,"message_id":268,"stderr":true,"stdout":"^"},"type":"ws_msg"}
{"payload":{"local_timestamp":1707830637518,"message_id":269,"stderr":true,"stdout":"^"},"type":"ws_msg"}
{"payload":{"local_timestamp":1707830637518,"message_id":270,"stderr":true,"stdout":"^"},"type":"ws_msg"}
{"payload":{"local_timestamp":1707830637519,"message_id":271,"stderr":true,"stdout":"\n"},"type":"ws_msg"}
{"payload":{"local_timestamp":1707830637519,"message_id":272,"stderr":true,"stdout":"KeyError"},"type":"ws_msg"}
{"payload":{"local_timestamp":1707830637519,"message_id":273,"stderr":true,"stdout":": "},"type":"ws_msg"}
{"payload":{"local_timestamp":1707830637519,"message_id":274,"stderr":true,"stdout":"'nc'"},"type":"ws_msg"}
{"payload":{"local_timestamp":1707830637519,"message_id":275,"stderr":true,"stdout":"\n"},"type":"ws_msg"}
{"payload":{"git_meta":{"branch":"refs/heads/master","origin":"https://github.com/ElkkuTee/yolov5.git","parent":"60afdf1d1d11375a29d922bafc0d7f56fd453ce7","repo_name":"yolov5","root":"1e84a23f38fad9e52b59101e9f1246d93066ed1e","status":null,"user":"ElkkuTee"},"local_timestamp":1707830638210,"message_id":276},"type":"ws_msg"}
{"payload":{"local_timestamp":1707830638219,"message_id":277,"stderr":true,"stdout":"\u001b[1;38;5;39mCOMET INFO:\u001b[0m ---------------------------------------------------------------------------------------\n"},"type":"ws_msg"}
{"payload":{"local_timestamp":1707830638219,"message_id":278,"stderr":true,"stdout":"\u001b[1;38;5;39mCOMET INFO:\u001b[0m Comet.ml OfflineExperiment Summary\n"},"type":"ws_msg"}
{"payload":{"local_timestamp":1707830638220,"message_id":279,"stderr":true,"stdout":"\u001b[1;38;5;39mCOMET INFO:\u001b[0m ---------------------------------------------------------------------------------------\n"},"type":"ws_msg"}
{"payload":{"local_timestamp":1707830638221,"message_id":280,"stderr":true,"stdout":"\u001b[1;38;5;39mCOMET INFO:\u001b[0m   Data:\n"},"type":"ws_msg"}
{"payload":{"local_timestamp":1707830638222,"message_id":281,"stderr":true,"stdout":"\u001b[1;38;5;39mCOMET INFO:\u001b[0m     display_summary_level : 1\n"},"type":"ws_msg"}
{"payload":{"local_timestamp":1707830638223,"message_id":282,"stderr":true,"stdout":"\u001b[1;38;5;39mCOMET INFO:\u001b[0m     url                   : [OfflineExperiment will get URL after upload]\n"},"type":"ws_msg"}
{"payload":{"local_timestamp":1707830638223,"message_id":283,"stderr":true,"stdout":"\u001b[1;38;5;39mCOMET INFO:\u001b[0m   Others:\n"},"type":"ws_msg"}
{"payload":{"local_timestamp":1707830638224,"message_id":284,"stderr":true,"stdout":"\u001b[1;38;5;39mCOMET INFO:\u001b[0m     Created from                : YOLOv5\n"},"type":"ws_msg"}
{"payload":{"local_timestamp":1707830638225,"message_id":285,"stderr":true,"stdout":"\u001b[1;38;5;39mCOMET INFO:\u001b[0m     Name                        : AiAim\n"},"type":"ws_msg"}
{"payload":{"local_timestamp":1707830638225,"message_id":286,"stderr":true,"stdout":"\u001b[1;38;5;39mCOMET INFO:\u001b[0m     comet_log_batch_metrics     : False\n"},"type":"ws_msg"}
{"payload":{"local_timestamp":1707830638226,"message_id":287,"stderr":true,"stdout":"\u001b[1;38;5;39mCOMET INFO:\u001b[0m     comet_log_confusion_matrix  : True\n"},"type":"ws_msg"}
{"payload":{"local_timestamp":1707830638227,"message_id":288,"stderr":true,"stdout":"\u001b[1;38;5;39mCOMET INFO:\u001b[0m     comet_log_per_class_metrics : False\n"},"type":"ws_msg"}
{"payload":{"local_timestamp":1707830638228,"message_id":289,"stderr":true,"stdout":"\u001b[1;38;5;39mCOMET INFO:\u001b[0m     comet_max_image_uploads     : 100\n"},"type":"ws_msg"}
{"payload":{"local_timestamp":1707830638229,"message_id":290,"stderr":true,"stdout":"\u001b[1;38;5;39mCOMET INFO:\u001b[0m     comet_mode                  : online\n"},"type":"ws_msg"}
{"payload":{"local_timestamp":1707830638229,"message_id":291,"stderr":true,"stdout":"\u001b[1;38;5;39mCOMET INFO:\u001b[0m     comet_model_name            : yolov5\n"},"type":"ws_msg"}
{"payload":{"local_timestamp":1707830638230,"message_id":292,"stderr":true,"stdout":"\u001b[1;38;5;39mCOMET INFO:\u001b[0m     hasNestedParams             : True\n"},"type":"ws_msg"}
{"payload":{"local_timestamp":1707830638230,"message_id":293,"stderr":true,"stdout":"\u001b[1;38;5;39mCOMET INFO:\u001b[0m     offline_experiment          : True\n"},"type":"ws_msg"}
{"payload":{"local_timestamp":1707830638231,"message_id":294,"stderr":true,"stdout":"\u001b[1;38;5;39mCOMET INFO:\u001b[0m   Parameters:\n"},"type":"ws_msg"}
{"payload":{"local_timestamp":1707830638231,"message_id":295,"stderr":true,"stdout":"\u001b[1;38;5;39mCOMET INFO:\u001b[0m     anchor_t            : 4.0\n"},"type":"ws_msg"}
{"payload":{"local_timestamp":1707830638232,"message_id":296,"stderr":true,"stdout":"\u001b[1;38;5;39mCOMET INFO:\u001b[0m     artifact_alias      : latest\n"},"type":"ws_msg"}
{"payload":{"local_timestamp":1707830638233,"message_id":297,"stderr":true,"stdout":"\u001b[1;38;5;39mCOMET INFO:\u001b[0m     batch_size          : 16\n"},"type":"ws_msg"}
{"payload":{"local_timestamp":1707830638233,"message_id":298,"stderr":true,"stdout":"\u001b[1;38;5;39mCOMET INFO:\u001b[0m     bbox_interval       : -1\n"},"type":"ws_msg"}
{"payload":{"local_timestamp":1707830638234,"message_id":299,"stderr":true,"stdout":"\u001b[1;38;5;39mCOMET INFO:\u001b[0m     box                 : 0.05\n"},"type":"ws_msg"}
{"payload":{"local_timestamp":1707830638235,"message_id":300,"stderr":true,"stdout":"\u001b[1;38;5;39mCOMET INFO:\u001b[0m     bucket              : \n"},"type":"ws_msg"}
{"payload":{"local_timestamp":1707830638236,"message_id":301,"stderr":true,"stdout":"\u001b[1;38;5;39mCOMET INFO:\u001b[0m     cache               : None\n"},"type":"ws_msg"}
{"payload":{"local_timestamp":1707830638236,"message_id":302,"stderr":true,"stdout":"\u001b[1;38;5;39mCOMET INFO:\u001b[0m     cls                 : 0.5\n"},"type":"ws_msg"}
{"payload":{"local_timestamp":1707830638237,"message_id":303,"stderr":true,"stdout":"\u001b[1;38;5;39mCOMET INFO:\u001b[0m     cls_pw              : 1.0\n"},"type":"ws_msg"}
{"payload":{"local_timestamp":1707830638237,"message_id":304,"stderr":true,"stdout":"\u001b[1;38;5;39mCOMET INFO:\u001b[0m     copy_paste          : 0.0\n"},"type":"ws_msg"}
{"payload":{"local_timestamp":1707830638239,"message_id":305,"stderr":true,"stdout":"\u001b[1;38;5;39mCOMET INFO:\u001b[0m     cos_lr              : False\n"},"type":"ws_msg"}
{"payload":{"local_timestamp":1707830638240,"message_id":306,"stderr":true,"stdout":"\u001b[1;38;5;39mCOMET INFO:\u001b[0m     degrees             : 0.0\n"},"type":"ws_msg"}
{"payload":{"local_timestamp":1707830638240,"message_id":307,"stderr":true,"stdout":"\u001b[1;38;5;39mCOMET INFO:\u001b[0m     device              : \n"},"type":"ws_msg"}
{"payload":{"local_timestamp":1707830638241,"message_id":308,"stderr":true,"stdout":"\u001b[1;38;5;39mCOMET INFO:\u001b[0m     entity              : None\n"},"type":"ws_msg"}
{"payload":{"local_timestamp":1707830638243,"message_id":309,"stderr":true,"stdout":"\u001b[1;38;5;39mCOMET INFO:\u001b[0m     evolve              : None\n"},"type":"ws_msg"}
{"payload":{"local_timestamp":1707830638243,"message_id":310,"stderr":true,"stdout":"\u001b[1;38;5;39mCOMET INFO:\u001b[0m     evolve_population   : data\\hyps\n"},"type":"ws_msg"}
{"payload":{"local_timestamp":1707830638244,"message_id":311,"stderr":true,"stdout":"\u001b[1;38;5;39mCOMET INFO:\u001b[0m     exist_ok            : False\n"},"type":"ws_msg"}
{"payload":{"local_timestamp":1707830638244,"message_id":312,"stderr":true,"stdout":"\u001b[1;38;5;39mCOMET INFO:\u001b[0m     fl_gamma            : 0.0\n"},"type":"ws_msg"}
{"payload":{"local_timestamp":1707830638245,"message_id":313,"stderr":true,"stdout":"\u001b[1;38;5;39mCOMET INFO:\u001b[0m     fliplr              : 0.5\n"},"type":"ws_msg"}
{"payload":{"local_timestamp":1707830638245,"message_id":314,"stderr":true,"stdout":"\u001b[1;38;5;39mCOMET INFO:\u001b[0m     flipud              : 0.0\n"},"type":"ws_msg"}
{"payload":{"local_timestamp":1707830638246,"message_id":315,"stderr":true,"stdout":"\u001b[1;38;5;39mCOMET INFO:\u001b[0m     freeze              : [0]\n"},"type":"ws_msg"}
{"payload":{"local_timestamp":1707830638246,"message_id":316,"stderr":true,"stdout":"\u001b[1;38;5;39mCOMET INFO:\u001b[0m     hsv_h               : 0.015\n"},"type":"ws_msg"}
{"payload":{"local_timestamp":1707830638247,"message_id":317,"stderr":true,"stdout":"\u001b[1;38;5;39mCOMET INFO:\u001b[0m     hsv_s               : 0.7\n"},"type":"ws_msg"}
{"payload":{"local_timestamp":1707830638247,"message_id":318,"stderr":true,"stdout":"\u001b[1;38;5;39mCOMET INFO:\u001b[0m     hsv_v               : 0.4\n"},"type":"ws_msg"}
{"payload":{"local_timestamp":1707830638248,"message_id":319,"stderr":true,"stdout":"\u001b[1;38;5;39mCOMET INFO:\u001b[0m     hyp|anchor_t        : 4.0\n"},"type":"ws_msg"}
{"payload":{"local_timestamp":1707830638248,"message_id":320,"stderr":true,"stdout":"\u001b[1;38;5;39mCOMET INFO:\u001b[0m     hyp|box             : 0.05\n"},"type":"ws_msg"}
{"payload":{"local_timestamp":1707830638248,"message_id":321,"stderr":true,"stdout":"\u001b[1;38;5;39mCOMET INFO:\u001b[0m     hyp|cls             : 0.5\n"},"type":"ws_msg"}
{"payload":{"local_timestamp":1707830638249,"message_id":322,"stderr":true,"stdout":"\u001b[1;38;5;39mCOMET INFO:\u001b[0m     hyp|cls_pw          : 1.0\n"},"type":"ws_msg"}
{"payload":{"local_timestamp":1707830638249,"message_id":323,"stderr":true,"stdout":"\u001b[1;38;5;39mCOMET INFO:\u001b[0m     hyp|copy_paste      : 0.0\n"},"type":"ws_msg"}
{"payload":{"local_timestamp":1707830638249,"message_id":324,"stderr":true,"stdout":"\u001b[1;38;5;39mCOMET INFO:\u001b[0m     hyp|degrees         : 0.0\n"},"type":"ws_msg"}
{"payload":{"local_timestamp":1707830638250,"message_id":325,"stderr":true,"stdout":"\u001b[1;38;5;39mCOMET INFO:\u001b[0m     hyp|fl_gamma        : 0.0\n"},"type":"ws_msg"}
{"payload":{"local_timestamp":1707830638250,"message_id":326,"stderr":true,"stdout":"\u001b[1;38;5;39mCOMET INFO:\u001b[0m     hyp|fliplr          : 0.5\n"},"type":"ws_msg"}
{"payload":{"local_timestamp":1707830638250,"message_id":327,"stderr":true,"stdout":"\u001b[1;38;5;39mCOMET INFO:\u001b[0m     hyp|flipud          : 0.0\n"},"type":"ws_msg"}
{"payload":{"local_timestamp":1707830638251,"message_id":328,"stderr":true,"stdout":"\u001b[1;38;5;39mCOMET INFO:\u001b[0m     hyp|hsv_h           : 0.015\n"},"type":"ws_msg"}
{"payload":{"local_timestamp":1707830638251,"message_id":329,"stderr":true,"stdout":"\u001b[1;38;5;39mCOMET INFO:\u001b[0m     hyp|hsv_s           : 0.7\n"},"type":"ws_msg"}
{"payload":{"local_timestamp":1707830638251,"message_id":330,"stderr":true,"stdout":"\u001b[1;38;5;39mCOMET INFO:\u001b[0m     hyp|hsv_v           : 0.4\n"},"type":"ws_msg"}
{"payload":{"local_timestamp":1707830638252,"message_id":331,"stderr":true,"stdout":"\u001b[1;38;5;39mCOMET INFO:\u001b[0m     hyp|iou_t           : 0.2\n"},"type":"ws_msg"}
{"payload":{"local_timestamp":1707830638252,"message_id":332,"stderr":true,"stdout":"\u001b[1;38;5;39mCOMET INFO:\u001b[0m     hyp|lr0             : 0.01\n"},"type":"ws_msg"}
{"payload":{"local_timestamp":1707830638252,"message_id":333,"stderr":true,"stdout":"\u001b[1;38;5;39mCOMET INFO:\u001b[0m     hyp|lrf             : 0.01\n"},"type":"ws_msg"}
{"payload":{"local_timestamp":1707830638252,"message_id":334,"stderr":true,"stdout":"\u001b[1;38;5;39mCOMET INFO:\u001b[0m     hyp|mixup           : 0.0\n"},"type":"ws_msg"}
{"payload":{"local_timestamp":1707830638253,"message_id":335,"stderr":true,"stdout":"\u001b[1;38;5;39mCOMET INFO:\u001b[0m     hyp|momentum        : 0.937\n"},"type":"ws_msg"}
{"payload":{"local_timestamp":1707830638253,"message_id":336,"stderr":true,"stdout":"\u001b[1;38;5;39mCOMET INFO:\u001b[0m     hyp|mosaic          : 1.0\n"},"type":"ws_msg"}
{"payload":{"local_timestamp":1707830638253,"message_id":337,"stderr":true,"stdout":"\u001b[1;38;5;39mCOMET INFO:\u001b[0m     hyp|obj             : 1.0\n"},"type":"ws_msg"}
{"payload":{"local_timestamp":1707830638254,"message_id":338,"stderr":true,"stdout":"\u001b[1;38;5;39mCOMET INFO:\u001b[0m     hyp|obj_pw          : 1.0\n"},"type":"ws_msg"}
{"payload":{"local_timestamp":1707830638254,"message_id":339,"stderr":true,"stdout":"\u001b[1;38;5;39mCOMET INFO:\u001b[0m     hyp|perspective     : 0.0\n"},"type":"ws_msg"}
{"payload":{"local_timestamp":1707830638254,"message_id":340,"stderr":true,"stdout":"\u001b[1;38;5;39mCOMET INFO:\u001b[0m     hyp|scale           : 0.5\n"},"type":"ws_msg"}
{"payload":{"local_timestamp":1707830638255,"message_id":341,"stderr":true,"stdout":"\u001b[1;38;5;39mCOMET INFO:\u001b[0m     hyp|shear           : 0.0\n"},"type":"ws_msg"}
{"payload":{"local_timestamp":1707830638255,"message_id":342,"stderr":true,"stdout":"\u001b[1;38;5;39mCOMET INFO:\u001b[0m     hyp|translate       : 0.1\n"},"type":"ws_msg"}
{"payload":{"local_timestamp":1707830638255,"message_id":343,"stderr":true,"stdout":"\u001b[1;38;5;39mCOMET INFO:\u001b[0m     hyp|warmup_bias_lr  : 0.1\n"},"type":"ws_msg"}
{"payload":{"local_timestamp":1707830638256,"message_id":344,"stderr":true,"stdout":"\u001b[1;38;5;39mCOMET INFO:\u001b[0m     hyp|warmup_epochs   : 3.0\n"},"type":"ws_msg"}
{"payload":{"local_timestamp":1707830638256,"message_id":345,"stderr":true,"stdout":"\u001b[1;38;5;39mCOMET INFO:\u001b[0m     hyp|warmup_momentum : 0.8\n"},"type":"ws_msg"}
{"payload":{"local_timestamp":1707830638257,"message_id":346,"stderr":true,"stdout":"\u001b[1;38;5;39mCOMET INFO:\u001b[0m     hyp|weight_decay    : 0.0005\n"},"type":"ws_msg"}
{"payload":{"local_timestamp":1707830638257,"message_id":347,"stderr":true,"stdout":"\u001b[1;38;5;39mCOMET INFO:\u001b[0m     image_weights       : False\n"},"type":"ws_msg"}
{"payload":{"local_timestamp":1707830638257,"message_id":348,"stderr":true,"stdout":"\u001b[1;38;5;39mCOMET INFO:\u001b[0m     imgsz               : 640\n"},"type":"ws_msg"}
{"payload":{"local_timestamp":1707830638258,"message_id":349,"stderr":true,"stdout":"\u001b[1;38;5;39mCOMET INFO:\u001b[0m     iou_t               : 0.2\n"},"type":"ws_msg"}
{"payload":{"local_timestamp":1707830638258,"message_id":350,"stderr":true,"stdout":"\u001b[1;38;5;39mCOMET INFO:\u001b[0m     label_smoothing     : 0.0\n"},"type":"ws_msg"}
{"payload":{"local_timestamp":1707830638258,"message_id":351,"stderr":true,"stdout":"\u001b[1;38;5;39mCOMET INFO:\u001b[0m     local_rank          : -1\n"},"type":"ws_msg"}
{"payload":{"local_timestamp":1707830638259,"message_id":352,"stderr":true,"stdout":"\u001b[1;38;5;39mCOMET INFO:\u001b[0m     lr0                 : 0.01\n"},"type":"ws_msg"}
{"payload":{"local_timestamp":1707830638259,"message_id":353,"stderr":true,"stdout":"\u001b[1;38;5;39mCOMET INFO:\u001b[0m     lrf                 : 0.01\n"},"type":"ws_msg"}
{"payload":{"local_timestamp":1707830638260,"message_id":354,"stderr":true,"stdout":"\u001b[1;38;5;39mCOMET INFO:\u001b[0m     mixup               : 0.0\n"},"type":"ws_msg"}
{"payload":{"local_timestamp":1707830638260,"message_id":355,"stderr":true,"stdout":"\u001b[1;38;5;39mCOMET INFO:\u001b[0m     momentum            : 0.937\n"},"type":"ws_msg"}
{"payload":{"local_timestamp":1707830638260,"message_id":356,"stderr":true,"stdout":"\u001b[1;38;5;39mCOMET INFO:\u001b[0m     mosaic              : 1.0\n"},"type":"ws_msg"}
{"payload":{"local_timestamp":1707830638261,"message_id":357,"stderr":true,"stdout":"\u001b[1;38;5;39mCOMET INFO:\u001b[0m     multi_scale         : False\n"},"type":"ws_msg"}
{"payload":{"local_timestamp":1707830638261,"message_id":358,"stderr":true,"stdout":"\u001b[1;38;5;39mCOMET INFO:\u001b[0m     ndjson_console      : False\n"},"type":"ws_msg"}
{"payload":{"local_timestamp":1707830638262,"message_id":359,"stderr":true,"stdout":"\u001b[1;38;5;39mCOMET INFO:\u001b[0m     ndjson_file         : False\n"},"type":"ws_msg"}
{"payload":{"local_timestamp":1707830638262,"message_id":360,"stderr":true,"stdout":"\u001b[1;38;5;39mCOMET INFO:\u001b[0m     noautoanchor        : False\n"},"type":"ws_msg"}
{"payload":{"local_timestamp":1707830638263,"message_id":361,"stderr":true,"stdout":"\u001b[1;38;5;39mCOMET INFO:\u001b[0m     noplots             : False\n"},"type":"ws_msg"}
{"payload":{"local_timestamp":1707830638263,"message_id":362,"stderr":true,"stdout":"\u001b[1;38;5;39mCOMET INFO:\u001b[0m     nosave              : False\n"},"type":"ws_msg"}
{"payload":{"local_timestamp":1707830638263,"message_id":363,"stderr":true,"stdout":"\u001b[1;38;5;39mCOMET INFO:\u001b[0m     noval               : False\n"},"type":"ws_msg"}
{"payload":{"local_timestamp":1707830638264,"message_id":364,"stderr":true,"stdout":"\u001b[1;38;5;39mCOMET INFO:\u001b[0m     obj                 : 1.0\n"},"type":"ws_msg"}
{"payload":{"local_timestamp":1707830638264,"message_id":365,"stderr":true,"stdout":"\u001b[1;38;5;39mCOMET INFO:\u001b[0m     obj_pw              : 1.0\n"},"type":"ws_msg"}
{"payload":{"local_timestamp":1707830638264,"message_id":366,"stderr":true,"stdout":"\u001b[1;38;5;39mCOMET INFO:\u001b[0m     optimizer           : SGD\n"},"type":"ws_msg"}
{"payload":{"local_timestamp":1707830638265,"message_id":367,"stderr":true,"stdout":"\u001b[1;38;5;39mCOMET INFO:\u001b[0m     patience            : 100\n"},"type":"ws_msg"}
{"payload":{"local_timestamp":1707830638265,"message_id":368,"stderr":true,"stdout":"\u001b[1;38;5;39mCOMET INFO:\u001b[0m     perspective         : 0.0\n"},"type":"ws_msg"}
{"payload":{"local_timestamp":1707830638265,"message_id":369,"stderr":true,"stdout":"\u001b[1;38;5;39mCOMET INFO:\u001b[0m     project             : runs\\train\n"},"type":"ws_msg"}
{"payload":{"local_timestamp":1707830638266,"message_id":370,"stderr":true,"stdout":"\u001b[1;38;5;39mCOMET INFO:\u001b[0m     quad                : False\n"},"type":"ws_msg"}
{"payload":{"local_timestamp":1707830638266,"message_id":371,"stderr":true,"stdout":"\u001b[1;38;5;39mCOMET INFO:\u001b[0m     rect                : False\n"},"type":"ws_msg"}
{"payload":{"local_timestamp":1707830638266,"message_id":372,"stderr":true,"stdout":"\u001b[1;38;5;39mCOMET INFO:\u001b[0m     resume              : False\n"},"type":"ws_msg"}
{"payload":{"local_timestamp":1707830638268,"message_id":373,"stderr":true,"stdout":"\u001b[1;38;5;39mCOMET INFO:\u001b[0m     resume_evolve       : None\n"},"type":"ws_msg"}
{"payload":{"local_timestamp":1707830638268,"message_id":374,"stderr":true,"stdout":"\u001b[1;38;5;39mCOMET INFO:\u001b[0m     save_dir            : runs\\train\\AiAim3\n"},"type":"ws_msg"}
{"payload":{"local_timestamp":1707830638268,"message_id":375,"stderr":true,"stdout":"\u001b[1;38;5;39mCOMET INFO:\u001b[0m     save_period         : -1\n"},"type":"ws_msg"}
{"payload":{"local_timestamp":1707830638269,"message_id":376,"stderr":true,"stdout":"\u001b[1;38;5;39mCOMET INFO:\u001b[0m     scale               : 0.5\n"},"type":"ws_msg"}
{"payload":{"local_timestamp":1707830638269,"message_id":377,"stderr":true,"stdout":"\u001b[1;38;5;39mCOMET INFO:\u001b[0m     seed                : 0\n"},"type":"ws_msg"}
{"payload":{"local_timestamp":1707830638270,"message_id":378,"stderr":true,"stdout":"\u001b[1;38;5;39mCOMET INFO:\u001b[0m     shear               : 0.0\n"},"type":"ws_msg"}
{"payload":{"local_timestamp":1707830638270,"message_id":379,"stderr":true,"stdout":"\u001b[1;38;5;39mCOMET INFO:\u001b[0m     single_cls          : False\n"},"type":"ws_msg"}
{"payload":{"local_timestamp":1707830638271,"message_id":380,"stderr":true,"stdout":"\u001b[1;38;5;39mCOMET INFO:\u001b[0m     sync_bn             : False\n"},"type":"ws_msg"}
{"payload":{"local_timestamp":1707830638271,"message_id":381,"stderr":true,"stdout":"\u001b[1;38;5;39mCOMET INFO:\u001b[0m     translate           : 0.1\n"},"type":"ws_msg"}
{"payload":{"local_timestamp":1707830638272,"message_id":382,"stderr":true,"stdout":"\u001b[1;38;5;39mCOMET INFO:\u001b[0m     upload_dataset      : False\n"},"type":"ws_msg"}
{"payload":{"local_timestamp":1707830638272,"message_id":383,"stderr":true,"stdout":"\u001b[1;38;5;39mCOMET INFO:\u001b[0m     val_conf_threshold  : 0.001\n"},"type":"ws_msg"}
{"payload":{"local_timestamp":1707830638272,"message_id":384,"stderr":true,"stdout":"\u001b[1;38;5;39mCOMET INFO:\u001b[0m     val_iou_threshold   : 0.6\n"},"type":"ws_msg"}
{"payload":{"local_timestamp":1707830638273,"message_id":385,"stderr":true,"stdout":"\u001b[1;38;5;39mCOMET INFO:\u001b[0m     warmup_bias_lr      : 0.1\n"},"type":"ws_msg"}
{"payload":{"local_timestamp":1707830638273,"message_id":386,"stderr":true,"stdout":"\u001b[1;38;5;39mCOMET INFO:\u001b[0m     warmup_epochs       : 3.0\n"},"type":"ws_msg"}
{"payload":{"local_timestamp":1707830638274,"message_id":387,"stderr":true,"stdout":"\u001b[1;38;5;39mCOMET INFO:\u001b[0m     warmup_momentum     : 0.8\n"},"type":"ws_msg"}
{"payload":{"local_timestamp":1707830638274,"message_id":388,"stderr":true,"stdout":"\u001b[1;38;5;39mCOMET INFO:\u001b[0m     weight_decay        : 0.0005\n"},"type":"ws_msg"}
{"payload":{"local_timestamp":1707830638274,"message_id":389,"stderr":true,"stdout":"\u001b[1;38;5;39mCOMET INFO:\u001b[0m     weights             : yolov5s.pt\n"},"type":"ws_msg"}
{"payload":{"local_timestamp":1707830638275,"message_id":390,"stderr":true,"stdout":"\u001b[1;38;5;39mCOMET INFO:\u001b[0m     workers             : 8\n"},"type":"ws_msg"}
{"payload":{"local_timestamp":1707830638275,"message_id":391,"stderr":true,"stdout":"\u001b[1;38;5;39mCOMET INFO:\u001b[0m   Uploads:\n"},"type":"ws_msg"}
{"payload":{"local_timestamp":1707830638275,"message_id":392,"stderr":true,"stdout":"\u001b[1;38;5;39mCOMET INFO:\u001b[0m     asset               : 3 (1.24 KB)\n"},"type":"ws_msg"}
{"payload":{"local_timestamp":1707830638276,"message_id":393,"stderr":true,"stdout":"\u001b[1;38;5;39mCOMET INFO:\u001b[0m     environment details : 1\n"},"type":"ws_msg"}
{"payload":{"local_timestamp":1707830638276,"message_id":394,"stderr":true,"stdout":"\u001b[1;38;5;39mCOMET INFO:\u001b[0m     git metadata        : 1\n"},"type":"ws_msg"}
{"payload":{"local_timestamp":1707830638276,"message_id":395,"stderr":true,"stdout":"\u001b[1;38;5;39mCOMET INFO:\u001b[0m     installed packages  : 1\n"},"type":"ws_msg"}
{"payload":{"local_timestamp":1707830638277,"message_id":396,"stderr":true,"stdout":"\u001b[1;38;5;39mCOMET INFO:\u001b[0m \n"},"type":"ws_msg"}
