{"payload":{"installed_packages":["attrs==23.2.0","certifi==2024.2.2","charset-normalizer==3.3.2","colorama==0.4.6","comet-ml==3.37.1","configobj==5.0.8","contourpy==1.2.0","cycler==0.12.1","dulwich==0.21.7","everett==3.1.0","filelock==3.13.1","fonttools==4.48.1","fsspec==2024.2.0","gitdb==4.0.11","gitpython==3.1.41","idna==3.6","jinja2==3.1.3","jsonschema-specifications==2023.12.1","jsonschema==4.21.1","keyboard==0.13.5","kiwisolver==1.4.5","labelimg==1.8.6","lxml==5.1.0","markdown-it-py==3.0.0","markupsafe==2.1.5","matplotlib==3.8.2","mdurl==0.1.2","mouseinfo==0.1.3","mpmath==1.3.0","networkx==3.2.1","numpy==1.26.4","opencv-python==4.9.0.80","packaging==23.2","pandas==2.2.0","pillow==10.2.0","pip==24.0","psutil==5.9.8","py-cpuinfo==9.0.0","pyautogui==0.9.54","pygetwindow==0.0.9","pygments==2.17.2","pymsgbox==1.0.9","pyparsing==3.1.1","pyperclip==1.8.2","pyqt5-qt5==5.15.2","pyqt5-sip==12.13.0","pyqt5==5.15.10","pyrect==0.2.0","pyscreeze==0.1.30","python-box==6.1.0","python-dateutil==2.8.2","pytweening==1.0.7","pytz==2024.1","pywin32==306","pyyaml==6.0.1","referencing==0.33.0","requests-toolbelt==1.0.0","requests==2.31.0","rich==13.7.0","rpds-py==0.17.1","scipy==1.12.0","seaborn==0.13.2","semantic-version==2.10.0","sentry-sdk==1.40.4","setuptools==69.1.0","simplejson==3.19.2","six==1.16.0","smmap==5.0.1","sympy==1.12","thop==0.1.1.post2209072238","torch==2.2.0","torchvision==0.17.0","tqdm==4.66.2","typing-extensions==4.9.0","tzdata==2024.1","ultralytics==8.1.11","urllib3==2.2.0","websocket-client==1.3.3","wrapt==1.16.0","wurlitzer==3.0.3"],"local_timestamp":1707834417466,"message_id":1},"type":"ws_msg"}
{"payload":{"env_details":{"command":["train.py","--img","640","--batch","16","--epochs","100","--data","C:\\Users\\Elkku\\Documents\\yolov5\\dataset\\data.yaml","--weights","yolov5s.pt","--cache"],"env":null,"hostname":"DESKTOP-432KV0K","ip":"192.168.1.109","machine":"AMD64","os":"Windows-10-10.0.19045-SP0","os_release":"10","os_type":"Windows","pid":16728,"processor":"Intel64 Family 6 Model 63 Stepping 2, GenuineIntel","python_exe":"C:\\Users\\Elkku\\AppData\\Local\\Microsoft\\WindowsApps\\PythonSoftwareFoundation.Python.3.12_qbz5n2kfra8p0\\python.exe","python_version":"3.12.2","python_version_verbose":"3.12.2 (tags/v3.12.2:6abddd9, Feb  6 2024, 21:26:36) [MSC v.1937 64 bit (AMD64)]","user":"Elkku"},"local_timestamp":1707834417527,"message_id":2},"type":"ws_msg"}
{"payload":{"gpu_static_info":[{"gpu_index":0,"name":"NVIDIA GeForce GTX 1070","power_limit":151000,"total_memory":8589934592,"uuid":"GPU-ee7a5cc5-db54-d839-85ad-a24cdc60768d"}],"local_timestamp":1707834417567,"message_id":3},"type":"ws_msg"}
{"payload":{"local_timestamp":1707834417567,"message_id":4,"metric":{"epoch":null,"metricName":"sys.gpu.0.total_memory","metricValue":8589934592,"step":null}},"type":"metric_msg"}
{"payload":{"local_timestamp":1707834417569,"message_id":5,"param":{"paramName":"img","paramValue":640,"source":"cli","step":null}},"type":"parameter_msg"}
{"payload":{"local_timestamp":1707834417569,"message_id":6,"param":{"paramName":"batch","paramValue":16,"source":"cli","step":null}},"type":"parameter_msg"}
{"payload":{"local_timestamp":1707834417569,"message_id":7,"param":{"paramName":"epochs","paramValue":100,"source":"cli","step":null}},"type":"parameter_msg"}
{"payload":{"local_timestamp":1707834417569,"message_id":8,"param":{"paramName":"data","paramValue":"C:\\Users\\Elkku\\Documents\\yolov5\\dataset\\data.yaml","source":"cli","step":null}},"type":"parameter_msg"}
{"payload":{"local_timestamp":1707834417569,"message_id":9,"param":{"paramName":"weights","paramValue":"yolov5s.pt","source":"cli","step":null}},"type":"parameter_msg"}
{"payload":{"local_timestamp":1707834417569,"message_id":10,"param":{"paramName":"cache","paramValue":true,"source":"cli","step":null}},"type":"parameter_msg"}
{"payload":{"local_timestamp":1707834417570,"log_other":{"key":"offline_experiment","val":true},"message_id":11},"type":"ws_msg"}
{"payload":{"local_timestamp":1707834417570,"log_other":{"key":"Name","val":"exp"},"message_id":12},"type":"ws_msg"}
{"payload":{"additional_params":{"assetId":"3a342ffdc70b4b3bbb6a8d50d01329e3","context":null,"extension":"yaml","fileName":"data.yaml","overwrite":false,"runId":null,"step":null},"clean":true,"file_path":"tmppm76lx4x","local_timestamp":1707834417575,"message_id":13,"metadata":{"type":"data-config-file"},"upload_type":"asset"},"type":"file_upload"}
{"payload":{"local_timestamp":1707834417577,"message_id":14,"metric":{"epoch":null,"metricName":"sys.gpu.0.gpu_utilization","metricValue":3,"step":null}},"type":"metric_msg"}
{"payload":{"local_timestamp":1707834417577,"message_id":15,"metric":{"epoch":null,"metricName":"sys.gpu.0.power_usage","metricValue":13550,"step":null}},"type":"metric_msg"}
{"payload":{"local_timestamp":1707834417577,"message_id":16,"metric":{"epoch":null,"metricName":"sys.gpu.0.temperature","metricValue":27,"step":null}},"type":"metric_msg"}
{"payload":{"local_timestamp":1707834417577,"message_id":17,"metric":{"epoch":null,"metricName":"sys.gpu.0.memory_utilization","metricValue":6,"step":null}},"type":"metric_msg"}
{"payload":{"local_timestamp":1707834417577,"message_id":18,"metric":{"epoch":null,"metricName":"sys.gpu.0.free_memory","metricValue":2139799552,"step":null}},"type":"metric_msg"}
{"payload":{"local_timestamp":1707834417577,"message_id":19,"metric":{"epoch":null,"metricName":"sys.gpu.0.used_memory","metricValue":6450135040,"step":null}},"type":"metric_msg"}
{"payload":{"local_timestamp":1707834417577,"message_id":20,"metric":{"epoch":null,"metricName":"sys.gpu.0.percent.used_memory","metricValue":75.0894546508789,"step":null}},"type":"metric_msg"}
{"payload":{"local_timestamp":1707834417590,"message_id":21,"stderr":true,"stdout":"\nDataset not found , missing paths ['C:\\\\Users\\\\Elkku\\\\Documents\\\\yolov5\\\\valid\\\\images']\n"},"type":"ws_msg"}
{"payload":{"local_timestamp":1707834417590,"message_id":22,"stderr":true,"stdout":"Traceback (most recent call last):\n"},"type":"ws_msg"}
{"payload":{"local_timestamp":1707834417591,"message_id":23,"stderr":true,"stdout":"  File \"C:\\Users\\Elkku\\Documents\\yolov5\\train.py\", line 836, in <module>\n"},"type":"ws_msg"}
{"payload":{"local_timestamp":1707834417592,"message_id":24,"stderr":true,"stdout":"    "},"type":"ws_msg"}
{"payload":{"local_timestamp":1707834417592,"message_id":25,"stderr":true,"stdout":"main(opt)"},"type":"ws_msg"}
{"payload":{"local_timestamp":1707834417592,"message_id":26,"stderr":true,"stdout":"\n"},"type":"ws_msg"}
{"payload":{"local_timestamp":1707834417594,"message_id":27,"stderr":true,"stdout":"  File \"C:\\Users\\Elkku\\Documents\\yolov5\\train.py\", line 616, in main\n"},"type":"ws_msg"}
{"payload":{"local_timestamp":1707834417595,"message_id":28,"stderr":true,"stdout":"    "},"type":"ws_msg"}
{"payload":{"local_timestamp":1707834417595,"message_id":29,"stderr":true,"stdout":"train(opt.hyp, opt, device, callbacks)"},"type":"ws_msg"}
{"payload":{"local_timestamp":1707834417596,"message_id":30,"stderr":true,"stdout":"\n"},"type":"ws_msg"}
{"payload":{"local_timestamp":1707834417596,"message_id":31,"stderr":true,"stdout":"  File \"C:\\Users\\Elkku\\Documents\\yolov5\\train.py\", line 147, in train\n"},"type":"ws_msg"}
{"payload":{"local_timestamp":1707834417596,"message_id":32,"stderr":true,"stdout":"    "},"type":"ws_msg"}
{"payload":{"local_timestamp":1707834417597,"message_id":33,"stderr":true,"stdout":"loggers = Loggers("},"type":"ws_msg"}
{"payload":{"local_timestamp":1707834417597,"message_id":34,"stderr":true,"stdout":"\n"},"type":"ws_msg"}
{"payload":{"local_timestamp":1707834417598,"message_id":35,"stderr":true,"stdout":" "},"type":"ws_msg"}
{"payload":{"local_timestamp":1707834417598,"message_id":36,"stderr":true,"stdout":" "},"type":"ws_msg"}
{"payload":{"local_timestamp":1707834417598,"message_id":37,"stderr":true,"stdout":" "},"type":"ws_msg"}
{"payload":{"local_timestamp":1707834417598,"message_id":38,"stderr":true,"stdout":" "},"type":"ws_msg"}
{"payload":{"local_timestamp":1707834417598,"message_id":39,"stderr":true,"stdout":" "},"type":"ws_msg"}
{"payload":{"local_timestamp":1707834417598,"message_id":40,"stderr":true,"stdout":" "},"type":"ws_msg"}
{"payload":{"local_timestamp":1707834417598,"message_id":41,"stderr":true,"stdout":" "},"type":"ws_msg"}
{"payload":{"local_timestamp":1707834417598,"message_id":42,"stderr":true,"stdout":" "},"type":"ws_msg"}
{"payload":{"local_timestamp":1707834417598,"message_id":43,"stderr":true,"stdout":" "},"type":"ws_msg"}
{"payload":{"local_timestamp":1707834417598,"message_id":44,"stderr":true,"stdout":" "},"type":"ws_msg"}
{"payload":{"local_timestamp":1707834417598,"message_id":45,"stderr":true,"stdout":" "},"type":"ws_msg"}
{"payload":{"local_timestamp":1707834417598,"message_id":46,"stderr":true,"stdout":" "},"type":"ws_msg"}
{"payload":{"local_timestamp":1707834417598,"message_id":47,"stderr":true,"stdout":" "},"type":"ws_msg"}
{"payload":{"local_timestamp":1707834417598,"message_id":48,"stderr":true,"stdout":" "},"type":"ws_msg"}
{"payload":{"local_timestamp":1707834417598,"message_id":49,"stderr":true,"stdout":"^"},"type":"ws_msg"}
{"payload":{"local_timestamp":1707834417598,"message_id":50,"stderr":true,"stdout":"^"},"type":"ws_msg"}
{"payload":{"local_timestamp":1707834417598,"message_id":51,"stderr":true,"stdout":"^"},"type":"ws_msg"}
{"payload":{"local_timestamp":1707834417598,"message_id":52,"stderr":true,"stdout":"^"},"type":"ws_msg"}
{"payload":{"local_timestamp":1707834417598,"message_id":53,"stderr":true,"stdout":"^"},"type":"ws_msg"}
{"payload":{"local_timestamp":1707834417598,"message_id":54,"stderr":true,"stdout":"^"},"type":"ws_msg"}
{"payload":{"local_timestamp":1707834417598,"message_id":55,"stderr":true,"stdout":"^"},"type":"ws_msg"}
{"payload":{"local_timestamp":1707834417598,"message_id":56,"stderr":true,"stdout":"^"},"type":"ws_msg"}
{"payload":{"local_timestamp":1707834417598,"message_id":57,"stderr":true,"stdout":"\n"},"type":"ws_msg"}
{"payload":{"local_timestamp":1707834417599,"message_id":58,"stderr":true,"stdout":"  File \"C:\\Users\\Elkku\\Documents\\yolov5\\utils\\loggers\\__init__.py\", line 146, in __init__\n"},"type":"ws_msg"}
{"payload":{"local_timestamp":1707834417600,"message_id":59,"stderr":true,"stdout":"    "},"type":"ws_msg"}
{"payload":{"local_timestamp":1707834417600,"message_id":60,"stderr":true,"stdout":"self.comet_logger = CometLogger(self.opt, self.hyp)"},"type":"ws_msg"}
{"payload":{"local_timestamp":1707834417600,"message_id":61,"stderr":true,"stdout":"\n"},"type":"ws_msg"}
{"payload":{"local_timestamp":1707834417600,"message_id":62,"stderr":true,"stdout":" "},"type":"ws_msg"}
{"payload":{"local_timestamp":1707834417600,"message_id":63,"stderr":true,"stdout":" "},"type":"ws_msg"}
{"payload":{"local_timestamp":1707834417600,"message_id":64,"stderr":true,"stdout":" "},"type":"ws_msg"}
{"payload":{"local_timestamp":1707834417600,"message_id":65,"stderr":true,"stdout":" "},"type":"ws_msg"}
{"payload":{"local_timestamp":1707834417600,"message_id":66,"stderr":true,"stdout":" "},"type":"ws_msg"}
{"payload":{"local_timestamp":1707834417600,"message_id":67,"stderr":true,"stdout":" "},"type":"ws_msg"}
{"payload":{"local_timestamp":1707834417600,"message_id":68,"stderr":true,"stdout":" "},"type":"ws_msg"}
{"payload":{"local_timestamp":1707834417600,"message_id":69,"stderr":true,"stdout":" "},"type":"ws_msg"}
{"payload":{"local_timestamp":1707834417600,"message_id":70,"stderr":true,"stdout":" "},"type":"ws_msg"}
{"payload":{"local_timestamp":1707834417600,"message_id":71,"stderr":true,"stdout":" "},"type":"ws_msg"}
{"payload":{"local_timestamp":1707834417600,"message_id":72,"stderr":true,"stdout":" "},"type":"ws_msg"}
{"payload":{"local_timestamp":1707834417600,"message_id":73,"stderr":true,"stdout":" "},"type":"ws_msg"}
{"payload":{"local_timestamp":1707834417600,"message_id":74,"stderr":true,"stdout":" "},"type":"ws_msg"}
{"payload":{"local_timestamp":1707834417600,"message_id":75,"stderr":true,"stdout":" "},"type":"ws_msg"}
{"payload":{"local_timestamp":1707834417600,"message_id":76,"stderr":true,"stdout":" "},"type":"ws_msg"}
{"payload":{"local_timestamp":1707834417600,"message_id":77,"stderr":true,"stdout":" "},"type":"ws_msg"}
{"payload":{"local_timestamp":1707834417600,"message_id":78,"stderr":true,"stdout":" "},"type":"ws_msg"}
{"payload":{"local_timestamp":1707834417600,"message_id":79,"stderr":true,"stdout":" "},"type":"ws_msg"}
{"payload":{"local_timestamp":1707834417601,"message_id":80,"stderr":true,"stdout":" "},"type":"ws_msg"}
{"payload":{"local_timestamp":1707834417601,"message_id":81,"stderr":true,"stdout":" "},"type":"ws_msg"}
{"payload":{"local_timestamp":1707834417601,"message_id":82,"stderr":true,"stdout":" "},"type":"ws_msg"}
{"payload":{"local_timestamp":1707834417601,"message_id":83,"stderr":true,"stdout":" "},"type":"ws_msg"}
{"payload":{"local_timestamp":1707834417601,"message_id":84,"stderr":true,"stdout":" "},"type":"ws_msg"}
{"payload":{"local_timestamp":1707834417601,"message_id":85,"stderr":true,"stdout":" "},"type":"ws_msg"}
{"payload":{"local_timestamp":1707834417601,"message_id":86,"stderr":true,"stdout":"^"},"type":"ws_msg"}
{"payload":{"local_timestamp":1707834417601,"message_id":87,"stderr":true,"stdout":"^"},"type":"ws_msg"}
{"payload":{"local_timestamp":1707834417601,"message_id":88,"stderr":true,"stdout":"^"},"type":"ws_msg"}
{"payload":{"local_timestamp":1707834417601,"message_id":89,"stderr":true,"stdout":"^"},"type":"ws_msg"}
{"payload":{"local_timestamp":1707834417601,"message_id":90,"stderr":true,"stdout":"^"},"type":"ws_msg"}
{"payload":{"local_timestamp":1707834417601,"message_id":91,"stderr":true,"stdout":"^"},"type":"ws_msg"}
{"payload":{"local_timestamp":1707834417601,"message_id":92,"stderr":true,"stdout":"^"},"type":"ws_msg"}
{"payload":{"local_timestamp":1707834417601,"message_id":93,"stderr":true,"stdout":"^"},"type":"ws_msg"}
{"payload":{"local_timestamp":1707834417601,"message_id":94,"stderr":true,"stdout":"^"},"type":"ws_msg"}
{"payload":{"local_timestamp":1707834417601,"message_id":95,"stderr":true,"stdout":"^"},"type":"ws_msg"}
{"payload":{"local_timestamp":1707834417601,"message_id":96,"stderr":true,"stdout":"^"},"type":"ws_msg"}
{"payload":{"local_timestamp":1707834417601,"message_id":97,"stderr":true,"stdout":"^"},"type":"ws_msg"}
{"payload":{"local_timestamp":1707834417601,"message_id":98,"stderr":true,"stdout":"^"},"type":"ws_msg"}
{"payload":{"local_timestamp":1707834417601,"message_id":99,"stderr":true,"stdout":"^"},"type":"ws_msg"}
{"payload":{"local_timestamp":1707834417601,"message_id":100,"stderr":true,"stdout":"^"},"type":"ws_msg"}
{"payload":{"local_timestamp":1707834417601,"message_id":101,"stderr":true,"stdout":"^"},"type":"ws_msg"}
{"payload":{"local_timestamp":1707834417601,"message_id":102,"stderr":true,"stdout":"^"},"type":"ws_msg"}
{"payload":{"local_timestamp":1707834417601,"message_id":103,"stderr":true,"stdout":"^"},"type":"ws_msg"}
{"payload":{"local_timestamp":1707834417601,"message_id":104,"stderr":true,"stdout":"^"},"type":"ws_msg"}
{"payload":{"local_timestamp":1707834417601,"message_id":105,"stderr":true,"stdout":"^"},"type":"ws_msg"}
{"payload":{"local_timestamp":1707834417601,"message_id":106,"stderr":true,"stdout":"^"},"type":"ws_msg"}
{"payload":{"local_timestamp":1707834417601,"message_id":107,"stderr":true,"stdout":"^"},"type":"ws_msg"}
{"payload":{"local_timestamp":1707834417601,"message_id":108,"stderr":true,"stdout":"^"},"type":"ws_msg"}
{"payload":{"local_timestamp":1707834417601,"message_id":109,"stderr":true,"stdout":"^"},"type":"ws_msg"}
{"payload":{"local_timestamp":1707834417601,"message_id":110,"stderr":true,"stdout":"^"},"type":"ws_msg"}
{"payload":{"local_timestamp":1707834417601,"message_id":111,"stderr":true,"stdout":"^"},"type":"ws_msg"}
{"payload":{"local_timestamp":1707834417601,"message_id":112,"stderr":true,"stdout":"^"},"type":"ws_msg"}
{"payload":{"local_timestamp":1707834417601,"message_id":113,"stderr":true,"stdout":"^"},"type":"ws_msg"}
{"payload":{"local_timestamp":1707834417601,"message_id":114,"stderr":true,"stdout":"^"},"type":"ws_msg"}
{"payload":{"local_timestamp":1707834417601,"message_id":115,"stderr":true,"stdout":"^"},"type":"ws_msg"}
{"payload":{"local_timestamp":1707834417601,"message_id":116,"stderr":true,"stdout":"^"},"type":"ws_msg"}
{"payload":{"local_timestamp":1707834417605,"message_id":117,"stderr":true,"stdout":"\n"},"type":"ws_msg"}
{"payload":{"local_timestamp":1707834417606,"message_id":118,"stderr":true,"stdout":"  File \"C:\\Users\\Elkku\\Documents\\yolov5\\utils\\loggers\\comet\\__init__.py\", line 97, in __init__\n"},"type":"ws_msg"}
{"payload":{"local_timestamp":1707834417606,"message_id":119,"stderr":true,"stdout":"    "},"type":"ws_msg"}
{"payload":{"local_timestamp":1707834417606,"message_id":120,"stderr":true,"stdout":"self.data_dict = self.check_dataset(self.opt.data)"},"type":"ws_msg"}
{"payload":{"local_timestamp":1707834417607,"message_id":121,"stderr":true,"stdout":"\n"},"type":"ws_msg"}
{"payload":{"local_timestamp":1707834417607,"message_id":122,"stderr":true,"stdout":" "},"type":"ws_msg"}
{"payload":{"local_timestamp":1707834417607,"message_id":123,"stderr":true,"stdout":" "},"type":"ws_msg"}
{"payload":{"local_timestamp":1707834417607,"message_id":124,"stderr":true,"stdout":" "},"type":"ws_msg"}
{"payload":{"local_timestamp":1707834417607,"message_id":125,"stderr":true,"stdout":" "},"type":"ws_msg"}
{"payload":{"local_timestamp":1707834417607,"message_id":126,"stderr":true,"stdout":" "},"type":"ws_msg"}
{"payload":{"local_timestamp":1707834417607,"message_id":127,"stderr":true,"stdout":" "},"type":"ws_msg"}
{"payload":{"local_timestamp":1707834417608,"message_id":128,"stderr":true,"stdout":" "},"type":"ws_msg"}
{"payload":{"local_timestamp":1707834417608,"message_id":129,"stderr":true,"stdout":" "},"type":"ws_msg"}
{"payload":{"local_timestamp":1707834417608,"message_id":130,"stderr":true,"stdout":" "},"type":"ws_msg"}
{"payload":{"local_timestamp":1707834417608,"message_id":131,"stderr":true,"stdout":" "},"type":"ws_msg"}
{"payload":{"local_timestamp":1707834417608,"message_id":132,"stderr":true,"stdout":" "},"type":"ws_msg"}
{"payload":{"local_timestamp":1707834417608,"message_id":133,"stderr":true,"stdout":" "},"type":"ws_msg"}
{"payload":{"local_timestamp":1707834417608,"message_id":134,"stderr":true,"stdout":" "},"type":"ws_msg"}
{"payload":{"local_timestamp":1707834417608,"message_id":135,"stderr":true,"stdout":" "},"type":"ws_msg"}
{"payload":{"local_timestamp":1707834417608,"message_id":136,"stderr":true,"stdout":" "},"type":"ws_msg"}
{"payload":{"local_timestamp":1707834417608,"message_id":137,"stderr":true,"stdout":" "},"type":"ws_msg"}
{"payload":{"local_timestamp":1707834417608,"message_id":138,"stderr":true,"stdout":" "},"type":"ws_msg"}
{"payload":{"local_timestamp":1707834417608,"message_id":139,"stderr":true,"stdout":" "},"type":"ws_msg"}
{"payload":{"local_timestamp":1707834417608,"message_id":140,"stderr":true,"stdout":" "},"type":"ws_msg"}
{"payload":{"local_timestamp":1707834417608,"message_id":141,"stderr":true,"stdout":" "},"type":"ws_msg"}
{"payload":{"local_timestamp":1707834417608,"message_id":142,"stderr":true,"stdout":" "},"type":"ws_msg"}
{"payload":{"local_timestamp":1707834417608,"message_id":143,"stderr":true,"stdout":"^"},"type":"ws_msg"}
{"payload":{"local_timestamp":1707834417608,"message_id":144,"stderr":true,"stdout":"^"},"type":"ws_msg"}
{"payload":{"local_timestamp":1707834417608,"message_id":145,"stderr":true,"stdout":"^"},"type":"ws_msg"}
{"payload":{"local_timestamp":1707834417608,"message_id":146,"stderr":true,"stdout":"^"},"type":"ws_msg"}
{"payload":{"local_timestamp":1707834417608,"message_id":147,"stderr":true,"stdout":"^"},"type":"ws_msg"}
{"payload":{"local_timestamp":1707834417609,"message_id":148,"stderr":true,"stdout":"^"},"type":"ws_msg"}
{"payload":{"local_timestamp":1707834417609,"message_id":149,"stderr":true,"stdout":"^"},"type":"ws_msg"}
{"payload":{"local_timestamp":1707834417609,"message_id":150,"stderr":true,"stdout":"^"},"type":"ws_msg"}
{"payload":{"local_timestamp":1707834417609,"message_id":151,"stderr":true,"stdout":"^"},"type":"ws_msg"}
{"payload":{"local_timestamp":1707834417609,"message_id":152,"stderr":true,"stdout":"^"},"type":"ws_msg"}
{"payload":{"local_timestamp":1707834417609,"message_id":153,"stderr":true,"stdout":"^"},"type":"ws_msg"}
{"payload":{"local_timestamp":1707834417609,"message_id":154,"stderr":true,"stdout":"^"},"type":"ws_msg"}
{"payload":{"local_timestamp":1707834417609,"message_id":155,"stderr":true,"stdout":"^"},"type":"ws_msg"}
{"payload":{"local_timestamp":1707834417609,"message_id":156,"stderr":true,"stdout":"^"},"type":"ws_msg"}
{"payload":{"local_timestamp":1707834417609,"message_id":157,"stderr":true,"stdout":"^"},"type":"ws_msg"}
{"payload":{"local_timestamp":1707834417609,"message_id":158,"stderr":true,"stdout":"^"},"type":"ws_msg"}
{"payload":{"local_timestamp":1707834417609,"message_id":159,"stderr":true,"stdout":"^"},"type":"ws_msg"}
{"payload":{"local_timestamp":1707834417609,"message_id":160,"stderr":true,"stdout":"^"},"type":"ws_msg"}
{"payload":{"local_timestamp":1707834417609,"message_id":161,"stderr":true,"stdout":"^"},"type":"ws_msg"}
{"payload":{"local_timestamp":1707834417609,"message_id":162,"stderr":true,"stdout":"^"},"type":"ws_msg"}
{"payload":{"local_timestamp":1707834417609,"message_id":163,"stderr":true,"stdout":"^"},"type":"ws_msg"}
{"payload":{"local_timestamp":1707834417609,"message_id":164,"stderr":true,"stdout":"^"},"type":"ws_msg"}
{"payload":{"local_timestamp":1707834417609,"message_id":165,"stderr":true,"stdout":"^"},"type":"ws_msg"}
{"payload":{"local_timestamp":1707834417609,"message_id":166,"stderr":true,"stdout":"^"},"type":"ws_msg"}
{"payload":{"local_timestamp":1707834417609,"message_id":167,"stderr":true,"stdout":"^"},"type":"ws_msg"}
{"payload":{"local_timestamp":1707834417609,"message_id":168,"stderr":true,"stdout":"^"},"type":"ws_msg"}
{"payload":{"local_timestamp":1707834417610,"message_id":169,"stderr":true,"stdout":"^"},"type":"ws_msg"}
{"payload":{"local_timestamp":1707834417610,"message_id":170,"stderr":true,"stdout":"^"},"type":"ws_msg"}
{"payload":{"local_timestamp":1707834417610,"message_id":171,"stderr":true,"stdout":"^"},"type":"ws_msg"}
{"payload":{"local_timestamp":1707834417610,"message_id":172,"stderr":true,"stdout":"^"},"type":"ws_msg"}
{"payload":{"local_timestamp":1707834417610,"message_id":173,"stderr":true,"stdout":"^"},"type":"ws_msg"}
{"payload":{"local_timestamp":1707834417610,"message_id":174,"stderr":true,"stdout":"^"},"type":"ws_msg"}
{"payload":{"local_timestamp":1707834417610,"message_id":175,"stderr":true,"stdout":"^"},"type":"ws_msg"}
{"payload":{"local_timestamp":1707834417610,"message_id":176,"stderr":true,"stdout":"\n"},"type":"ws_msg"}
{"payload":{"local_timestamp":1707834417611,"message_id":177,"stderr":true,"stdout":"  File \"C:\\Users\\Elkku\\Documents\\yolov5\\utils\\loggers\\comet\\__init__.py\", line 247, in check_dataset\n"},"type":"ws_msg"}
{"payload":{"local_timestamp":1707834417611,"message_id":178,"stderr":true,"stdout":"    "},"type":"ws_msg"}
{"payload":{"local_timestamp":1707834417611,"message_id":179,"stderr":true,"stdout":"return check_dataset(data_file)"},"type":"ws_msg"}
{"payload":{"local_timestamp":1707834417613,"message_id":180,"stderr":true,"stdout":"\n"},"type":"ws_msg"}
{"payload":{"local_timestamp":1707834417613,"message_id":181,"stderr":true,"stdout":" "},"type":"ws_msg"}
{"payload":{"local_timestamp":1707834417613,"message_id":182,"stderr":true,"stdout":" "},"type":"ws_msg"}
{"payload":{"local_timestamp":1707834417613,"message_id":183,"stderr":true,"stdout":" "},"type":"ws_msg"}
{"payload":{"local_timestamp":1707834417613,"message_id":184,"stderr":true,"stdout":" "},"type":"ws_msg"}
{"payload":{"local_timestamp":1707834417613,"message_id":185,"stderr":true,"stdout":" "},"type":"ws_msg"}
{"payload":{"local_timestamp":1707834417613,"message_id":186,"stderr":true,"stdout":" "},"type":"ws_msg"}
{"payload":{"local_timestamp":1707834417613,"message_id":187,"stderr":true,"stdout":" "},"type":"ws_msg"}
{"payload":{"local_timestamp":1707834417613,"message_id":188,"stderr":true,"stdout":" "},"type":"ws_msg"}
{"payload":{"local_timestamp":1707834417613,"message_id":189,"stderr":true,"stdout":" "},"type":"ws_msg"}
{"payload":{"local_timestamp":1707834417613,"message_id":190,"stderr":true,"stdout":" "},"type":"ws_msg"}
{"payload":{"local_timestamp":1707834417613,"message_id":191,"stderr":true,"stdout":" "},"type":"ws_msg"}
{"payload":{"local_timestamp":1707834417614,"message_id":192,"stderr":true,"stdout":"^"},"type":"ws_msg"}
{"payload":{"local_timestamp":1707834417614,"message_id":193,"stderr":true,"stdout":"^"},"type":"ws_msg"}
{"payload":{"local_timestamp":1707834417614,"message_id":194,"stderr":true,"stdout":"^"},"type":"ws_msg"}
{"payload":{"local_timestamp":1707834417614,"message_id":195,"stderr":true,"stdout":"^"},"type":"ws_msg"}
{"payload":{"local_timestamp":1707834417614,"message_id":196,"stderr":true,"stdout":"^"},"type":"ws_msg"}
{"payload":{"local_timestamp":1707834417614,"message_id":197,"stderr":true,"stdout":"^"},"type":"ws_msg"}
{"payload":{"local_timestamp":1707834417614,"message_id":198,"stderr":true,"stdout":"^"},"type":"ws_msg"}
{"payload":{"local_timestamp":1707834417614,"message_id":199,"stderr":true,"stdout":"^"},"type":"ws_msg"}
{"payload":{"local_timestamp":1707834417614,"message_id":200,"stderr":true,"stdout":"^"},"type":"ws_msg"}
{"payload":{"local_timestamp":1707834417614,"message_id":201,"stderr":true,"stdout":"^"},"type":"ws_msg"}
{"payload":{"local_timestamp":1707834417614,"message_id":202,"stderr":true,"stdout":"^"},"type":"ws_msg"}
{"payload":{"local_timestamp":1707834417614,"message_id":203,"stderr":true,"stdout":"^"},"type":"ws_msg"}
{"payload":{"local_timestamp":1707834417614,"message_id":204,"stderr":true,"stdout":"^"},"type":"ws_msg"}
{"payload":{"local_timestamp":1707834417614,"message_id":205,"stderr":true,"stdout":"^"},"type":"ws_msg"}
{"payload":{"local_timestamp":1707834417614,"message_id":206,"stderr":true,"stdout":"^"},"type":"ws_msg"}
{"payload":{"local_timestamp":1707834417614,"message_id":207,"stderr":true,"stdout":"^"},"type":"ws_msg"}
{"payload":{"local_timestamp":1707834417614,"message_id":208,"stderr":true,"stdout":"^"},"type":"ws_msg"}
{"payload":{"local_timestamp":1707834417614,"message_id":209,"stderr":true,"stdout":"^"},"type":"ws_msg"}
{"payload":{"local_timestamp":1707834417614,"message_id":210,"stderr":true,"stdout":"^"},"type":"ws_msg"}
{"payload":{"local_timestamp":1707834417614,"message_id":211,"stderr":true,"stdout":"^"},"type":"ws_msg"}
{"payload":{"local_timestamp":1707834417614,"message_id":212,"stderr":true,"stdout":"^"},"type":"ws_msg"}
{"payload":{"local_timestamp":1707834417614,"message_id":213,"stderr":true,"stdout":"^"},"type":"ws_msg"}
{"payload":{"local_timestamp":1707834417614,"message_id":214,"stderr":true,"stdout":"^"},"type":"ws_msg"}
{"payload":{"local_timestamp":1707834417614,"message_id":215,"stderr":true,"stdout":"^"},"type":"ws_msg"}
{"payload":{"local_timestamp":1707834417615,"message_id":216,"stderr":true,"stdout":"\n"},"type":"ws_msg"}
{"payload":{"local_timestamp":1707834417615,"message_id":217,"stderr":true,"stdout":"  File \"C:\\Users\\Elkku\\Documents\\yolov5\\utils\\general.py\", line 534, in check_dataset\n"},"type":"ws_msg"}
{"payload":{"local_timestamp":1707834417616,"message_id":218,"stderr":true,"stdout":"    "},"type":"ws_msg"}
{"payload":{"local_timestamp":1707834417617,"message_id":219,"stderr":true,"stdout":"raise Exception(\"Dataset not found \u274c\")"},"type":"ws_msg"}
{"payload":{"local_timestamp":1707834417617,"message_id":220,"stderr":true,"stdout":"\n"},"type":"ws_msg"}
{"payload":{"local_timestamp":1707834417617,"message_id":221,"stderr":true,"stdout":"Exception"},"type":"ws_msg"}
{"payload":{"local_timestamp":1707834417617,"message_id":222,"stderr":true,"stdout":": "},"type":"ws_msg"}
{"payload":{"local_timestamp":1707834417617,"message_id":223,"stderr":true,"stdout":"Dataset not found \u274c"},"type":"ws_msg"}
{"payload":{"local_timestamp":1707834417618,"message_id":224,"stderr":true,"stdout":"\n"},"type":"ws_msg"}
{"payload":{"local_timestamp":1707834418044,"message_id":225,"metric":{"epoch":null,"metricName":"sys.cpu.percent.avg","metricValue":0.0,"step":null}},"type":"metric_msg"}
{"payload":{"local_timestamp":1707834418044,"message_id":226,"metric":{"epoch":null,"metricName":"sys.ram.total","metricValue":12763373568,"step":null}},"type":"metric_msg"}
{"payload":{"local_timestamp":1707834418044,"message_id":227,"metric":{"epoch":null,"metricName":"sys.ram.used","metricValue":7950381056,"step":null}},"type":"metric_msg"}
{"payload":{"local_timestamp":1707834418044,"message_id":228,"metric":{"epoch":null,"metricName":"sys.ram.available","metricValue":4812992512,"step":null}},"type":"metric_msg"}
{"payload":{"local_timestamp":1707834418044,"message_id":229,"metric":{"epoch":null,"metricName":"sys.ram.percent.used","metricValue":62.3,"step":null}},"type":"metric_msg"}
{"payload":{"local_timestamp":1707834418044,"message_id":230,"metric":{"epoch":null,"metricName":"sys.load.avg","metricValue":0.0,"step":null}},"type":"metric_msg"}
{"payload":{"git_meta":{"branch":"refs/heads/master","origin":"https://github.com/ElkkuTee/yolov5.git","parent":"7493fc33687e130cab3c922db56358baba2567a0","repo_name":"yolov5","root":"1e84a23f38fad9e52b59101e9f1246d93066ed1e","status":null,"user":"ElkkuTee"},"local_timestamp":1707834418536,"message_id":231},"type":"ws_msg"}
{"payload":{"local_timestamp":1707834418540,"message_id":232,"stderr":true,"stdout":"\u001b[1;38;5;39mCOMET INFO:\u001b[0m ---------------------------------------------------------------------------------------\n"},"type":"ws_msg"}
{"payload":{"local_timestamp":1707834418540,"message_id":233,"stderr":true,"stdout":"\u001b[1;38;5;39mCOMET INFO:\u001b[0m Comet.ml OfflineExperiment Summary\n"},"type":"ws_msg"}
{"payload":{"local_timestamp":1707834418541,"message_id":234,"stderr":true,"stdout":"\u001b[1;38;5;39mCOMET INFO:\u001b[0m ---------------------------------------------------------------------------------------\n"},"type":"ws_msg"}
{"payload":{"local_timestamp":1707834418541,"message_id":235,"stderr":true,"stdout":"\u001b[1;38;5;39mCOMET INFO:\u001b[0m   Data:\n"},"type":"ws_msg"}
{"payload":{"local_timestamp":1707834418542,"message_id":236,"stderr":true,"stdout":"\u001b[1;38;5;39mCOMET INFO:\u001b[0m     display_summary_level : 1\n"},"type":"ws_msg"}
{"payload":{"local_timestamp":1707834418542,"message_id":237,"stderr":true,"stdout":"\u001b[1;38;5;39mCOMET INFO:\u001b[0m     url                   : [OfflineExperiment will get URL after upload]\n"},"type":"ws_msg"}
{"payload":{"local_timestamp":1707834418542,"message_id":238,"stderr":true,"stdout":"\u001b[1;38;5;39mCOMET INFO:\u001b[0m   Others:\n"},"type":"ws_msg"}
{"payload":{"local_timestamp":1707834418543,"message_id":239,"stderr":true,"stdout":"\u001b[1;38;5;39mCOMET INFO:\u001b[0m     Name               : exp\n"},"type":"ws_msg"}
{"payload":{"local_timestamp":1707834418543,"message_id":240,"stderr":true,"stdout":"\u001b[1;38;5;39mCOMET INFO:\u001b[0m     offline_experiment : True\n"},"type":"ws_msg"}
{"payload":{"local_timestamp":1707834418544,"message_id":241,"stderr":true,"stdout":"\u001b[1;38;5;39mCOMET INFO:\u001b[0m   Uploads:\n"},"type":"ws_msg"}
{"payload":{"local_timestamp":1707834418544,"message_id":242,"stderr":true,"stdout":"\u001b[1;38;5;39mCOMET INFO:\u001b[0m     asset               : 1 (225 bytes)\n"},"type":"ws_msg"}
{"payload":{"local_timestamp":1707834418544,"message_id":243,"stderr":true,"stdout":"\u001b[1;38;5;39mCOMET INFO:\u001b[0m     environment details : 1\n"},"type":"ws_msg"}
{"payload":{"local_timestamp":1707834418545,"message_id":244,"stderr":true,"stdout":"\u001b[1;38;5;39mCOMET INFO:\u001b[0m     git metadata        : 1\n"},"type":"ws_msg"}
{"payload":{"local_timestamp":1707834418545,"message_id":245,"stderr":true,"stdout":"\u001b[1;38;5;39mCOMET INFO:\u001b[0m     installed packages  : 1\n"},"type":"ws_msg"}
{"payload":{"local_timestamp":1707834418545,"message_id":246,"stderr":true,"stdout":"\u001b[1;38;5;39mCOMET INFO:\u001b[0m \n"},"type":"ws_msg"}
